{"type": "FeatureCollection", "features": [{"id": "0", "type": "Feature", "properties": {"shapeID": "13205935B88806172084765", "shapeName": "Tunis"}, "geometry": {"type": "Polygon", "coordinates": [[[10.1149563, 36.8275308], [10.1167241, 36.8445416], [10.1405219, 36.854453], [10.1519558, 36.8522241], [10.1693601, 36.8404986], [10.1907677, 36.8510022], [10.2125997, 36.8485467], [10.2143318, 36.859857], [10.2325118, 36.8712245], [10.2350068, 36.8710518], [10.2311212, 36.8568708], [10.243962, 36.8616644], [10.2804256, 36.8627336], [10.2886402, 36.8671993], [10.2714837, 36.8750383], [10.2804887, 36.8851848], [10.2765646, 36.8907633], [10.282825, 36.8937633], [10.2849263, 36.9011948], [10.2758179, 36.9042641], [10.2775511, 36.9062802], [10.269367, 36.9176019], [10.2558474, 36.9281638], [10.2498025, 36.939974], [10.2521565, 36.9431568], [10.2882967, 36.9242566], [10.2988743, 36.9204763], [10.3094007, 36.9222225], [10.3120955, 36.9205513], [10.3085418, 36.9220254], [10.3067382, 36.9203402], [10.311987, 36.9166885], [10.3172728, 36.9175855], [10.320549, 36.9112759], [10.3167132, 36.9020776], [10.3220896, 36.8932067], [10.3514532, 36.8755198], [10.3547833, 36.8695072], [10.3417336, 36.8636565], [10.3384286, 36.8544373], [10.3279548, 36.8449466], [10.3241452, 36.8456686], [10.3271483, 36.8363404], [10.3205806, 36.8347676], [10.3148699, 36.8216976], [10.3085143, 36.825935], [10.3140944, 36.821211], [10.3064622, 36.8152599], [10.3107817, 36.8090382], [10.3104213, 36.8064514], [10.3083618, 36.8102136], [10.3089135, 36.8063269], [10.2956459, 36.8132213], [10.2239401, 36.8028905], [10.2057977, 36.7785269], [10.220188, 36.7666288], [10.2203521, 36.7587298], [10.210497, 36.7564864], [10.2070373, 36.7417194], [10.1944117, 36.7330342], [10.1863915, 36.7211], [10.1762915, 36.7199621], [10.1765578, 36.7238278], [10.1702319, 36.7255946], [10.1672094, 36.7314502], [10.144355, 36.73585], [10.131041, 36.72538], [10.1513317, 36.7117574], [10.1355207, 36.6990065], [10.1320982, 36.7022718], [10.1248061, 36.6944939], [10.1009805, 36.6932074], [10.0932684, 36.6968524], [10.0904233, 36.6937408], [10.069833, 36.7061439], [10.0749885, 36.7241359], [10.0322616, 36.7396133], [10.0409412, 36.7453356], [10.0278936, 36.7614071], [10.0258484, 36.7733419], [10.0037899, 36.7869191], [10.0206828, 36.7985194], [10.029579, 36.7986455], [10.0390526, 36.7925542], [10.0447389, 36.7941007], [10.0515732, 36.7866515], [10.059847, 36.7971405], [10.0738784, 36.7995777], [10.0813886, 36.795819], [10.1004054, 36.8020196], [10.1152315, 36.7959192], [10.1191711, 36.7974789], [10.1149563, 36.8275308]]]}}, {"id": "1", "type": "Feature", "properties": {"shapeID": "13205935B75715054307065", "shapeName": "Ben Arous"}, "geometry": {"type": "Polygon", "coordinates": [[[10.2599792, 36.8085133], [10.2854396, 36.8123616], [10.2852311, 36.8095165], [10.2948748, 36.8094731], [10.3020055, 36.803673], [10.3071285, 36.8051012], [10.3035558, 36.8033144], [10.3017342, 36.8036207], [10.2988011, 36.8049845], [10.2921619, 36.8042008], [10.2953709, 36.8044135], [10.2888735, 36.7973341], [10.2904035, 36.7933313], [10.2851498, 36.7956544], [10.2870428, 36.7982542], [10.2838796, 36.7961919], [10.2863027, 36.7924065], [10.2922243, 36.789795], [10.2923341, 36.7884295], [10.2921292, 36.7896603], [10.2780189, 36.7960515], [10.2745717, 36.7961929], [10.2784587, 36.7951774], [10.2914657, 36.789208], [10.2862132, 36.7913914], [10.2872837, 36.7813836], [10.306452, 36.756133], [10.3385189, 36.7331667], [10.3908354, 36.7163918], [10.4176071, 36.7166111], [10.4178914, 36.7124307], [10.3978403, 36.696515], [10.3915279, 36.644819], [10.3653066, 36.6451633], [10.3730532, 36.6391735], [10.3668086, 36.6358486], [10.374299, 36.62837], [10.3720544, 36.6149248], [10.3437845, 36.591498], [10.3323047, 36.5769558], [10.3372185, 36.5742331], [10.3626995, 36.5825214], [10.3799729, 36.5655475], [10.3787415, 36.5439911], [10.3604893, 36.5408641], [10.3480868, 36.5339334], [10.354567, 36.5159658], [10.3442459, 36.5134825], [10.3399973, 36.4980631], [10.3476694, 36.4878535], [10.2901511, 36.4648338], [10.2801531, 36.4554281], [10.279669, 36.4467121], [10.2692191, 36.4551004], [10.2532546, 36.4510962], [10.2499716, 36.4607438], [10.270819, 36.50341], [10.2560227, 36.5079808], [10.249285, 36.5052557], [10.1988058, 36.5123701], [10.1914029, 36.5201132], [10.1651172, 36.5325972], [10.1641946, 36.5474753], [10.1524175, 36.547206], [10.155589, 36.552114], [10.1510816, 36.5695657], [10.1452623, 36.5665875], [10.1453346, 36.6017275], [10.1075262, 36.5809499], [10.0880818, 36.594975], [10.0902155, 36.5962166], [10.0528722, 36.6131512], [10.0429521, 36.6226571], [10.0860504, 36.6737027], [10.0932684, 36.6968524], [10.1009805, 36.6932074], [10.1248061, 36.6944939], [10.1299166, 36.7015157], [10.1355207, 36.6990065], [10.1513317, 36.7117574], [10.131041, 36.72538], [10.144355, 36.73585], [10.1672094, 36.7314502], [10.1702319, 36.7255946], [10.1765578, 36.7238278], [10.1762915, 36.7199621], [10.1863915, 36.7211], [10.1944117, 36.7330342], [10.2070373, 36.7417194], [10.210497, 36.7564864], [10.2203521, 36.7587298], [10.220188, 36.7666288], [10.2057977, 36.7785269], [10.22184, 36.78616], [10.250043, 36.78699], [10.264022, 36.77222], [10.270179, 36.77756], [10.271274, 36.79685], [10.270395, 36.80083], [10.26258, 36.79993], [10.2599792, 36.8085133]]]}}, {"id": "2", "type": "Feature", "properties": {"shapeID": "13205935B49538157477352", "shapeName": "El Kef"}, "geometry": {"type": "Polygon", "coordinates": [[[8.3764511, 36.3500606], [8.3958237, 36.3478337], [8.4205542, 36.3511806], [8.4303175, 36.3482944], [8.4339223, 36.3515262], [8.449565, 36.3472229], [8.4607136, 36.3530747], [8.4632087, 36.3668583], [8.4781003, 36.3709359], [8.4814729, 36.3760141], [8.5032739, 36.3813869], [8.517098, 36.38014], [8.5400952, 36.3932368], [8.5433783, 36.3986948], [8.5528411, 36.3951541], [8.5616387, 36.4010264], [8.5822381, 36.4032025], [8.5974087, 36.3944459], [8.6065711, 36.3956377], [8.6112918, 36.406622], [8.6579193, 36.4190206], [8.6692275, 36.4149455], [8.6754717, 36.4165687], [8.6854924, 36.4086771], [8.6936034, 36.4084007], [8.6965217, 36.4018727], [8.7153186, 36.3929777], [8.7397589, 36.404256], [8.7523528, 36.4037573], [8.7547166, 36.3967501], [8.7687016, 36.3926209], [8.8015351, 36.4010014], [8.815404, 36.4005086], [8.8469552, 36.417685], [8.8696094, 36.4139349], [8.9007185, 36.4256837], [8.9156847, 36.4476656], [8.9396742, 36.453426], [8.9354782, 36.4490823], [8.9300031, 36.4501562], [8.9313971, 36.4440017], [8.9244603, 36.4414393], [8.9286216, 36.437824], [8.9279839, 36.4297333], [8.9412759, 36.4131823], [8.9556477, 36.4087242], [8.9555822, 36.4028251], [8.9612465, 36.4036946], [8.9599596, 36.3987272], [8.9633218, 36.3985717], [8.9668339, 36.3840006], [8.9778933, 36.3765502], [8.9727744, 36.3648423], [8.9820393, 36.3591269], [8.9789312, 36.3553441], [8.9873419, 36.3480433], [8.9806717, 36.345849], [8.9821604, 36.340257], [8.9738069, 36.3418913], [8.9770447, 36.336588], [8.9663242, 36.341445], [8.9666447, 36.3328388], [8.9601312, 36.3368013], [8.9612988, 36.3306746], [8.956461, 36.3309315], [8.9577026, 36.327317], [8.9467313, 36.3200965], [8.953288, 36.3153927], [8.9439692, 36.3141775], [8.9452718, 36.3094124], [8.9516988, 36.3036058], [8.9623853, 36.3037452], [8.9555042, 36.2953984], [8.9686609, 36.290972], [8.9733439, 36.2811315], [8.9786517, 36.2788575], [8.9811637, 36.2666661], [8.986307, 36.2638724], [8.9832691, 36.2622816], [8.9962973, 36.2512677], [8.9999258, 36.2397037], [9.0402567, 36.2395496], [9.0436686, 36.2316746], [9.0374609, 36.2266437], [9.0346563, 36.2170649], [9.056123, 36.2026988], [9.0354706, 36.1843558], [9.03803, 36.1781644], [9.0321505, 36.1587806], [9.0356267, 36.1482638], [9.043094, 36.1371565], [9.0649164, 36.1337772], [9.0913523, 36.1151277], [9.1106601, 36.1196079], [9.121625, 36.1024461], [9.1339202, 36.1010591], [9.1421486, 36.0919], [9.1578067, 36.0848288], [9.1604848, 36.0791763], [9.1559573, 36.0750314], [9.1557427, 36.0682673], [9.1636177, 36.0586231], [9.1537257, 36.0418818], [9.153279, 36.03421], [9.1550654, 36.0314481], [9.1618641, 36.0332534], [9.1707558, 36.0233544], [9.1574061, 36.0119593], [9.1690082, 36.0055201], [9.1397571, 35.9864125], [9.1160722, 35.9772778], [9.1125989, 35.962389], [9.0982761, 35.9458734], [9.0978938, 35.927718], [9.1025286, 35.9193599], [9.099616, 35.91129], [9.0790179, 35.8941809], [9.0554405, 35.8969344], [9.0418578, 35.8722304], [9.0305282, 35.8643186], [9.0310861, 35.857606], [9.0255285, 35.8525103], [9.0356136, 35.8500927], [9.051149, 35.8526842], [9.0454198, 35.8514319], [9.0422441, 35.8414656], [9.0300561, 35.8354642], [9.0165592, 35.8379866], [9.0383655, 35.8167217], [9.0313798, 35.8081504], [9.0384672, 35.7840342], [9.0228533, 35.7638014], [9.0177006, 35.762461], [9.0343867, 35.730158], [9.0370371, 35.7028412], [9.0455956, 35.6805031], [8.9944477, 35.708153], [8.965394, 35.7054871], [8.9507814, 35.713467], [8.9223923, 35.7161476], [8.8810724, 35.7349277], [8.8460803, 35.7419075], [8.8202827, 35.7561484], [8.8040407, 35.7741995], [8.7804739, 35.7773005], [8.7709386, 35.783983], [8.7636458, 35.7827232], [8.7632313, 35.7768083], [8.7586622, 35.7744194], [8.7466513, 35.7758426], [8.7357588, 35.7703739], [8.7209396, 35.7757773], [8.7129144, 35.7728091], [8.709905, 35.7774616], [8.713129, 35.7804079], [8.7118416, 35.7872402], [8.7004268, 35.7908821], [8.684634, 35.7832581], [8.6758792, 35.7881493], [8.667299, 35.7878075], [8.6663342, 35.7593554], [8.6503044, 35.7505974], [8.6363718, 35.7549073], [8.6318845, 35.7431242], [8.6172289, 35.7476748], [8.6186548, 35.7312889], [8.6267582, 35.7245703], [8.6265436, 35.710048], [8.6224998, 35.7018586], [8.6302228, 35.6914638], [8.6276503, 35.6869312], [8.6302539, 35.6853371], [8.6176665, 35.6754902], [8.618899, 35.6709727], [8.6121803, 35.6643189], [8.6150091, 35.6598186], [8.5879226, 35.6500536], [8.5784673, 35.6403955], [8.5707189, 35.6408778], [8.5689734, 35.6373286], [8.5554583, 35.6458747], [8.5434635, 35.6572598], [8.5480017, 35.6657467], [8.5435917, 35.667375], [8.4563176, 35.6725104], [8.4173479, 35.6642625], [8.4151387, 35.6545656], [8.4011268, 35.6400929], [8.3862566, 35.6353146], [8.3893435, 35.6159446], [8.3704638, 35.6196349], [8.3539598, 35.6166075], [8.3602929, 35.64651], [8.3560228, 35.6534671], [8.3560442, 35.6697677], [8.3367753, 35.6834507], [8.3185899, 35.6850716], [8.3078289, 35.6915548], [8.2800841, 35.7225693], [8.2642708, 35.7306553], [8.2663941, 35.7393609], [8.2585727, 35.7624462], [8.2654065, 35.7817132], [8.2683752, 35.8136088], [8.2732533, 35.8198118], [8.2671737, 35.870647], [8.2707142, 35.8786451], [8.2534606, 35.8858807], [8.2676243, 35.8978199], [8.2715314, 35.907749], [8.2556956, 35.9083225], [8.2562535, 35.91371], [8.2634418, 35.9187844], [8.2629054, 35.9376194], [8.2703297, 35.945767], [8.2904785, 35.9531496], [8.2883327, 35.9553903], [8.3000586, 36.0108156], [8.2969068, 36.0402359], [8.3141198, 36.0627778], [8.3116951, 36.0695944], [8.3210292, 36.0836941], [8.3417142, 36.0900985], [8.3460057, 36.0970341], [8.338281, 36.1185305], [8.338532, 36.1378169], [8.32567, 36.1444974], [8.3092696, 36.1612929], [8.3069711, 36.1743618], [8.327313, 36.1880097], [8.3378916, 36.212563], [8.354671, 36.2323711], [8.3536234, 36.2546305], [8.3493533, 36.262209], [8.3379153, 36.2645221], [8.3558229, 36.2877542], [8.3718947, 36.2979236], [8.3809498, 36.2969897], [8.38316, 36.3029213], [8.3910564, 36.3049445], [8.3795551, 36.3121032], [8.3768373, 36.318445], [8.3763867, 36.3230784], [8.385356, 36.3337963], [8.3764511, 36.3500606]]]}}, {"id": "3", "type": "Feature", "properties": {"shapeID": "13205935B49970022939178", "shapeName": "Sousse"}, "geometry": {"type": "Polygon", "coordinates": [[[10.1818456, 36.1379144], [10.1841116, 36.1579224], [10.199765, 36.1566403], [10.2336782, 36.165799], [10.2395697, 36.1563416], [10.2442459, 36.1562736], [10.2551787, 36.158523], [10.264191, 36.1659896], [10.2662186, 36.1768054], [10.2550604, 36.1977928], [10.2659187, 36.2137723], [10.2537093, 36.2228261], [10.2566061, 36.226392], [10.2793252, 36.2342904], [10.2792852, 36.2177819], [10.2947042, 36.2199038], [10.3010227, 36.212079], [10.3142742, 36.2160612], [10.3158874, 36.2129467], [10.3217834, 36.2220884], [10.3378197, 36.2258067], [10.3446568, 36.2360622], [10.3547203, 36.2360932], [10.3627864, 36.23016], [10.3668003, 36.2309811], [10.3682215, 36.2364495], [10.3778817, 36.2357834], [10.3807432, 36.2562129], [10.3892319, 36.2640488], [10.3619609, 36.2721492], [10.3569827, 36.2816633], [10.3627334, 36.2838601], [10.3729299, 36.2800616], [10.3908859, 36.3033859], [10.3815089, 36.307363], [10.3745002, 36.3322903], [10.3675937, 36.3393111], [10.3705184, 36.3442707], [10.3667102, 36.3508759], [10.3753361, 36.3591363], [10.3669033, 36.3659098], [10.3672895, 36.3828708], [10.3878507, 36.3843272], [10.4015356, 36.3778608], [10.4257688, 36.3769865], [10.4545829, 36.3678683], [10.4746774, 36.3534766], [10.5064884, 36.3917716], [10.5318501, 36.370385], [10.5226958, 36.3565312], [10.5295862, 36.3527543], [10.5025644, 36.3023504], [10.4807658, 36.2438375], [10.4691628, 36.1900908], [10.4666313, 36.144313], [10.4713976, 36.0989803], [10.483762, 36.0544992], [10.4973342, 36.0364249], [10.5092357, 36.0344978], [10.5170089, 36.0286044], [10.5206597, 36.0070193], [10.5321906, 35.9763858], [10.5246149, 35.9759403], [10.524324, 35.9920711], [10.5143221, 36.0063287], [10.5086415, 36.0069143], [10.5028219, 36.0001783], [10.4866954, 36.0001223], [10.468271, 36.0125538], [10.4587529, 36.0108715], [10.4585516, 36.0040215], [10.4551341, 36.0056802], [10.475701, 35.9912528], [10.473837, 35.9990952], [10.4807228, 36.0019948], [10.4897478, 35.994304], [10.5026415, 35.9906742], [10.477872, 35.9879339], [10.4732292, 35.9843184], [10.4860796, 35.9874391], [10.5041122, 35.9848753], [10.5052934, 35.9804928], [10.5002807, 35.982868], [10.5057595, 35.9717514], [10.5000619, 35.9713089], [10.5155234, 35.9699579], [10.5323185, 35.9761694], [10.5501183, 35.9490116], [10.6020611, 35.892941], [10.5969809, 35.8946637], [10.6013451, 35.8925642], [10.6029108, 35.8778503], [10.6188905, 35.860889], [10.623612, 35.8494201], [10.6448917, 35.8292645], [10.6523796, 35.8265842], [10.64205, 35.827414], [10.6436258, 35.8212102], [10.6480284, 35.8247798], [10.6476333, 35.8138463], [10.683302662042019, 35.79207476454873], [10.678777, 35.7914111], [10.6815514, 35.7887123], [10.686714993470336, 35.788513612187046], [10.6698717, 35.7715196], [10.6756635, 35.7571569], [10.667502, 35.7487596], [10.6680211, 35.7416278], [10.6442409, 35.7429978], [10.6343606, 35.733846], [10.6233734, 35.7330247], [10.630611, 35.7215087], [10.6422634, 35.7145637], [10.6335769, 35.6999347], [10.6381872, 35.6933363], [10.6252778, 35.685634], [10.6468478, 35.6726425], [10.6468958, 35.6641001], [10.6187134, 35.6364226], [10.5937185, 35.6482377], [10.5774016, 35.64082], [10.5690166, 35.6498248], [10.5595679, 35.6283387], [10.5318949, 35.6095366], [10.5230783, 35.592269], [10.5389199, 35.5716811], [10.4999852, 35.5568408], [10.4933384, 35.5327455], [10.4932046, 35.5173791], [10.4968594, 35.4953916], [10.5014084, 35.488578], [10.4999493, 35.4815716], [10.5030606, 35.4831442], [10.5079001, 35.4787093], [10.5127483, 35.4835275], [10.5291647, 35.482746], [10.5277271, 35.4848951], [10.5402053, 35.4704721], [10.539594, 35.4728444], [10.5466425, 35.4723661], [10.5428066, 35.4781061], [10.5512815, 35.4732642], [10.5457195, 35.4804391], [10.5577786, 35.4745528], [10.5593729, 35.4770128], [10.5507541, 35.4877793], [10.5604757, 35.4975782], [10.5834911, 35.5023503], [10.610702, 35.493811], [10.6123612, 35.4656548], [10.6048476, 35.46449], [10.5960212, 35.4564704], [10.5880819, 35.4593543], [10.5861936, 35.4535864], [10.5715701, 35.4485697], [10.570508, 35.4429409], [10.5746493, 35.4368572], [10.5675898, 35.4195124], [10.5662809, 35.3980886], [10.5593286, 35.3966368], [10.542871, 35.4090263], [10.5287519, 35.4052312], [10.5306402, 35.3993369], [10.5108777, 35.4076622], [10.5028525, 35.4054585], [10.4916087, 35.4087115], [10.4763952, 35.4241527], [10.4762021, 35.4306221], [10.4853216, 35.4338915], [10.4769316, 35.4391539], [10.4742065, 35.4333845], [10.4606199, 35.4350363], [10.4650294, 35.4417234], [10.4586497, 35.453051], [10.4628339, 35.4542746], [10.4522553, 35.4687284], [10.4583278, 35.4746874], [10.4510751, 35.4819215], [10.4406896, 35.4816769], [10.4265276, 35.4890153], [10.4230085, 35.497174], [10.402889, 35.4898403], [10.3968165, 35.4951863], [10.3910873, 35.4939284], [10.3914735, 35.498261], [10.376539, 35.4925483], [10.3894565, 35.4937013], [10.3832337, 35.4926356], [10.3783146, 35.4847897], [10.3856488, 35.4833471], [10.3831908, 35.4775396], [10.3769037, 35.47726], [10.3711531, 35.4708468], [10.3620809, 35.4929865], [10.3556866, 35.4909773], [10.3506011, 35.4941745], [10.3508888, 35.5004736], [10.3362634, 35.5022176], [10.3198483, 35.52178], [10.3142049, 35.5180076], [10.3106215, 35.5295687], [10.3011587, 35.5264079], [10.3076603, 35.5341612], [10.2943566, 35.5397138], [10.2929138, 35.5515089], [10.3010248, 35.5530277], [10.3018402, 35.5620004], [10.3101014, 35.5673591], [10.3086637, 35.571548], [10.3146933, 35.5736947], [10.3224181, 35.569471], [10.314865, 35.5801172], [10.3269886, 35.573206], [10.3232549, 35.5841484], [10.3245424, 35.5912156], [10.3302716, 35.5914599], [10.3305076, 35.5948973], [10.3212165, 35.5941296], [10.3159124, 35.5852155], [10.307273, 35.5850074], [10.2701214, 35.6391899], [10.2647999, 35.6582307], [10.2557448, 35.666808], [10.2526549, 35.6815198], [10.2310041, 35.7037915], [10.2128205, 35.7116161], [10.2141721, 35.7389367], [10.2063595, 35.7456282], [10.2030795, 35.764475], [10.1849263, 35.7820236], [10.1814716, 35.7903092], [10.1731675, 35.7932855], [10.1741116, 35.7978281], [10.165645, 35.8025169], [10.158843, 35.8129232], [10.1603235, 35.8192742], [10.1661815, 35.8216579], [10.1592286, 35.8246972], [10.1611509, 35.8364599], [10.1720919, 35.84019], [10.170249, 35.8450876], [10.1807668, 35.8535532], [10.1767721, 35.8676266], [10.1812001, 35.8798174], [10.1958694, 35.8905242], [10.2022553, 35.9037686], [10.2143433, 35.9061408], [10.2192357, 35.919592], [10.2289774, 35.9185146], [10.2343633, 35.9339617], [10.2527839, 35.9624481], [10.2578133, 35.9797417], [10.2555286, 36.0356544], [10.2217295, 36.0549843], [10.20374, 36.0565521], [10.2044551, 36.0654503], [10.2097186, 36.0662442], [10.2070042, 36.0680741], [10.2101156, 36.0793473], [10.2164805, 36.0860855], [10.2067279, 36.0887949], [10.2102497, 36.0957171], [10.2018691, 36.1054153], [10.2027556, 36.1327126], [10.2065402, 36.1354757], [10.1818456, 36.1379144]]]}}, {"id": "4", "type": "Feature", "properties": {"shapeID": "13205935B27259873852948", "shapeName": "Sfax"}, "geometry": {"type": "MultiPolygon", "coordinates": [[[[11.3054866, 34.7484803], [11.3077149, 34.7544149], [11.3148519, 34.7582935], [11.3332864, 34.7604746], [11.3430878, 34.7570512], [11.3265951, 34.7554794], [11.3084121, 34.7443162], [11.3054866, 34.7484803]]], [[[11.303973, 34.8258206], [11.3053577, 34.8295599], [11.3104956, 34.828972], [11.3352871, 34.8153883], [11.3124215, 34.8171837], [11.303973, 34.8258206]]], [[[11.1217954, 34.6793604], [11.1324957, 34.6831751], [11.1344594, 34.6895022], [11.1292696, 34.6910921], [11.1361288, 34.6919512], [11.1338205, 34.6998845], [11.1494044, 34.7044959], [11.157575, 34.7221432], [11.1743001, 34.7284727], [11.1698085, 34.7352361], [11.1816699, 34.742478], [11.1702439, 34.7623947], [11.1796717, 34.7618575], [11.1842413, 34.7484493], [11.1980269, 34.7409507], [11.2190253, 34.7396704], [11.225547, 34.7454986], [11.2241067, 34.7500833], [11.2288912, 34.7505201], [11.226658, 34.7613314], [11.2324437, 34.7660007], [11.2196801, 34.7750704], [11.216102, 34.7842659], [11.2270017, 34.782109], [11.2342661, 34.7865653], [11.2334367, 34.7905596], [11.2478422, 34.7912712], [11.2410156, 34.8071791], [11.2436673, 34.8092335], [11.2454244, 34.8062722], [11.2504413, 34.8060813], [11.2506148, 34.8035944], [11.2525751, 34.8028868], [11.2503522, 34.8132984], [11.2442626, 34.8169652], [11.2447592, 34.822772], [11.2504541, 34.8265663], [11.2464712, 34.830909], [11.2562149, 34.8307621], [11.2556067, 34.8272026], [11.2581147, 34.8306], [11.2572988, 34.8267244], [11.2646045, 34.8226792], [11.2689079, 34.8104179], [11.2787762, 34.8026864], [11.2829145, 34.8065025], [11.2739401, 34.8136907], [11.2761817, 34.8192918], [11.2959878, 34.8135166], [11.3178895, 34.8012222], [11.3158826, 34.7976713], [11.3030578, 34.8058965], [11.2864054, 34.804649], [11.2854512, 34.8009815], [11.2936178, 34.7955399], [11.2873961, 34.7938602], [11.2860923, 34.7891535], [11.2952988, 34.7780319], [11.2815578, 34.7757061], [11.277411, 34.782222], [11.2714939, 34.7780447], [11.2782003, 34.7748692], [11.2768821, 34.7652376], [11.2985277, 34.7515919], [11.3044488, 34.7425467], [11.3048102, 34.7357006], [11.2972876, 34.7317989], [11.3013748, 34.7267651], [11.2958519, 34.7259868], [11.2972782, 34.7236869], [11.2953658, 34.7258735], [11.2965967, 34.7308758], [11.2889016, 34.7329839], [11.263123, 34.7205034], [11.2582946, 34.7239479], [11.2549273, 34.7199644], [11.2501203, 34.7237173], [11.2513936, 34.7142971], [11.2481175, 34.7109053], [11.2173722, 34.7060711], [11.2075883, 34.7000682], [11.2029599, 34.7026529], [11.1309189, 34.6630507], [11.124911663089577, 34.663304653742316], [11.1259333, 34.6763325], [11.1217954, 34.6793604]]], [[[10.9664405, 34.6566953], [10.9768357, 34.658212], [10.9926113, 34.672494], [11.042039337572469, 34.67201689722922], [11.0493996, 34.6682205], [11.0574478, 34.6724109], [11.0772173, 34.6703385], [11.0885814, 34.6736805], [11.09423, 34.6686099], [11.113927, 34.6674594], [11.1210427, 34.6611561], [11.1247973, 34.663118], [11.1220778, 34.657807], [11.1051992, 34.6543731], [11.0826913, 34.6431385], [11.060032781954769, 34.623204097018174], [11.0473591, 34.6205524], [11.047800188270879, 34.61309655382389], [11.0293012, 34.62777], [11.0065428, 34.6346659], [10.9664405, 34.6566953]]], [[[9.7110985, 34.2815026], [9.7615135, 34.2743513], [9.7543547, 34.2843413], [9.7552425, 34.2901886], [9.7459192, 34.3003019], [9.7413379, 34.3159437], [9.7200504, 34.3330846], [9.7231413, 34.3371924], [9.7643835, 34.3460316], [9.7749192, 34.3513286], [9.7794682, 34.3584853], [9.8009946, 34.3648831], [9.8241234, 34.3673611], [9.8320824, 34.363445], [9.8591215, 34.3702123], [9.8874641, 34.3968198], [9.8983834, 34.4205664], [9.9207885, 34.4316822], [9.9161965, 34.446282], [9.9168236, 34.4593904], [9.9244419, 34.4677592], [9.9357975, 34.4506455], [9.9410874, 34.4473056], [9.9475522, 34.4499946], [9.9624009, 34.4587705], [9.9739049, 34.4718709], [9.9912934, 34.4806279], [9.9966431, 34.4900935], [10.00758, 34.4866582], [10.047145, 34.5223735], [10.0598435, 34.5258315], [10.0225823, 34.5352359], [9.9694411, 34.5380983], [9.9812172, 34.5473908], [9.9706014, 34.5674694], [9.9078213, 34.596006], [9.9005257, 34.5980549], [9.8824999, 34.5925494], [9.8782422, 34.6042647], [9.8728443, 34.6072524], [9.9010535, 34.6327113], [9.8793106, 34.6437083], [9.8872122, 34.6611571], [9.9084762, 34.6652544], [9.8994293, 34.679541], [9.9035459, 34.6946947], [9.9181586, 34.7205721], [9.9176918, 34.7314931], [9.9119865, 34.7346104], [9.913125, 34.751201], [9.9250947, 34.7507786], [9.9392755, 34.7560896], [9.9414041, 34.7778795], [9.9606794, 34.8281021], [9.9546305, 34.8309894], [9.9786157, 34.8722083], [10.0087233, 34.8970731], [10.0291028, 34.9487435], [10.049, 34.9854784], [10.0636092, 35.0033394], [10.0633076, 35.0202298], [10.0534371, 35.043921], [10.0578057, 35.0576959], [10.0805347, 35.0729788], [10.0896087, 35.0835676], [10.109803, 35.0948661], [10.1349407, 35.1192312], [10.1430517, 35.1166686], [10.148993, 35.12275], [10.1502293, 35.1368071], [10.1729305, 35.1373886], [10.2010893, 35.1487646], [10.2289923, 35.1534819], [10.2814239, 35.1303246], [10.2909648, 35.1304916], [10.3204506, 35.1432603], [10.3351689, 35.1322113], [10.3514, 35.1355288], [10.364114, 35.1323167], [10.369296, 35.124744], [10.3800704, 35.1190993], [10.3807004, 35.1119023], [10.3941249, 35.1004108], [10.4107951, 35.0900925], [10.4274145, 35.0889139], [10.4763694, 35.1314853], [10.5292172, 35.1427197], [10.5558658, 35.1560124], [10.585473, 35.1793301], [10.5920127, 35.1861027], [10.5620175, 35.2280594], [10.6289868, 35.2576335], [10.632931, 35.2523416], [10.6372976, 35.2537347], [10.6445932, 35.2420113], [10.6746018, 35.2219362], [10.6875622, 35.2186998], [10.7112408, 35.221601], [10.7389507, 35.232177], [10.7478341, 35.2403443], [10.7582626, 35.2415754], [10.7505378, 35.2488085], [10.7612935, 35.2650753], [10.7650999, 35.2785064], [10.7910982, 35.2738304], [10.7949391, 35.2562097], [10.8047453, 35.2459587], [10.8044585, 35.2100106], [10.8368245, 35.161567], [10.8346349, 35.1451552], [10.8875863, 35.1609583], [10.9073724, 35.188683], [10.9321824, 35.1652159], [10.9275475, 35.1619706], [10.9405682, 35.1530646], [10.9198846, 35.1367572], [10.9327295, 35.1270278], [10.9561345, 35.097969], [10.9876773, 35.0916134], [10.9925804, 35.096187], [11.0082337, 35.0898708], [11.021528923857058, 35.08923530914258], [11.0275957, 35.0797404], [11.0214014, 35.059439], [11.0231491, 35.0443035], [11.0325162, 35.0436614], [11.032942, 35.0446737], [11.034661, 35.0446312], [11.0357138, 35.0435669], [11.0351989, 35.0419574], [11.0355509, 35.0436827], [11.0331784, 35.044637], [11.0345946, 35.0421403], [11.0191309, 35.0415922], [11.0117212, 35.023924], [11.0067898, 35.0219481], [11.0061712, 35.0144214], [10.9581277, 34.9932983], [10.9249151, 34.9673584], [10.9252442, 34.9603874], [10.9211764, 34.959938], [10.925740686629709, 34.95910559158934], [10.9211868, 34.9451813], [10.924643, 34.9012985], [10.9205074, 34.8836806], [10.9093434, 34.8710102], [10.9194799, 34.8657145], [10.9082373, 34.8706186], [10.8869807, 34.8510173], [10.883144, 34.8360483], [10.8713437, 34.8271003], [10.8659951, 34.827911], [10.8652054, 34.8154535], [10.8713767, 34.7991529], [10.8466403, 34.794339], [10.8236891, 34.7828476], [10.813988, 34.7693068], [10.8078627, 34.7697293], [10.8062998, 34.7613163], [10.7824637, 34.7477176], [10.7866399, 34.7314514], [10.7811509, 34.7221683], [10.7781802, 34.7302842], [10.7764837, 34.7267877], [10.7697816, 34.7313335], [10.764528, 34.7282987], [10.7761663, 34.7212795], [10.7704141, 34.7200388], [10.7700118, 34.7150914], [10.7685051, 34.7138729], [10.7673893, 34.7200249], [10.7610823, 34.7215265], [10.764824642485676, 34.71963400668695], [10.7612703, 34.715763], [10.76522147106188, 34.71301743061406], [10.7608813, 34.7112615], [10.7675331, 34.7131069], [10.7653006, 34.71121], [10.7601079, 34.7111396], [10.7605828, 34.7196172], [10.7588157, 34.7165333], [10.7536839, 34.7238546], [10.7512488, 34.7106437], [10.7557054, 34.7090872], [10.7542837, 34.6991154], [10.7505824, 34.6996928], [10.7510569, 34.694242], [10.7474893, 34.6920343], [10.749428, 34.6845966], [10.7295754, 34.6614242], [10.7353947, 34.6576472], [10.7309873, 34.6528391], [10.7147191, 34.6402606], [10.6999176, 34.6345247], [10.6631199, 34.6270888], [10.6584346, 34.6364342], [10.6504863, 34.6352557], [10.6414074, 34.6284284], [10.6411602, 34.6197075], [10.630364, 34.6159977], [10.620520169504628, 34.596356402695044], [10.6046294, 34.5870436], [10.597967, 34.5458951], [10.6058854, 34.5554186], [10.5930183, 34.538974], [10.5734967, 34.529096], [10.5415194, 34.5179579], [10.5358481, 34.5190668], [10.5541271, 34.5225775], [10.5506783, 34.5225016], [10.5632767, 34.5289648], [10.5562755, 34.5305308], [10.533111, 34.5232786], [10.5222295, 34.5270536], [10.5165951, 34.522397], [10.5057387, 34.5237217], [10.4984192, 34.5202916], [10.5006134, 34.5142107], [10.4988954, 34.5118063], [10.4956839, 34.5200358], [10.4603103, 34.5079055], [10.4348306, 34.4884193], [10.4303152, 34.4904399], [10.433869, 34.4866317], [10.3753793, 34.4212568], [10.3607812, 34.4198782], [10.3619783, 34.4268038], [10.3519176, 34.4279434], [10.3512457, 34.4247378], [10.3356536, 34.4193842], [10.3387052, 34.4162668], [10.3297462, 34.4184207], [10.3283922, 34.4112394], [10.3249859, 34.4115333], [10.3281961, 34.4086717], [10.3227954, 34.4102721], [10.3227266, 34.4059039], [10.3410522, 34.4078884], [10.3526946, 34.418426], [10.3502826, 34.4034178], [10.3240742, 34.3930395], [10.3321945, 34.3968062], [10.3139156, 34.397646], [10.2926627, 34.4067393], [10.2905399, 34.4098457], [10.2949141, 34.4119835], [10.2883717, 34.4099966], [10.2861756, 34.4190447], [10.2856187, 34.4124675], [10.2817465, 34.4127652], [10.2873687, 34.4052532], [10.2838918, 34.4009208], [10.2802031, 34.4030153], [10.2794813, 34.3963409], [10.2748043, 34.3945908], [10.2790657, 34.3894063], [10.2724711, 34.383821], [10.2707603, 34.3731729], [10.2688601, 34.3704946], [10.268281, 34.3731986], [10.2565048, 34.3733202], [10.2406446, 34.3697558], [10.2274099, 34.3548543], [10.2102635, 34.3477008], [10.1912875, 34.3643351], [10.1847825, 34.3536041], [10.1839858, 34.3410185], [10.1800312, 34.3351457], [10.1736223, 34.3386396], [10.1701961, 34.3259741], [10.1576458, 34.3293614], [10.1577833, 34.3225534], [10.1574289, 34.3288143], [10.1522139, 34.3290335], [10.1401825, 34.3248862], [10.145956207736653, 34.31681982150931], [10.1403433, 34.3224942], [10.1222242, 34.3173965], [10.099799, 34.2946426], [10.09763716720911, 34.287401163968134], [10.0930828, 34.2866694], [10.0651725, 34.2313383], [10.0489582, 34.2088609], [10.0451973, 34.2049089], [10.0436586, 34.2055649], [10.0516308, 34.2247728], [10.0433029, 34.2269002], [10.0378218, 34.2215494], [10.0428764, 34.2173942], [10.0406413, 34.2117588], [10.0367174, 34.2071659], [10.0291397, 34.2072296], [10.0411525, 34.203016], [10.0430149, 34.2063756], [10.0434496, 34.1886037], [10.0424713, 34.1844997], [10.0412659, 34.1870801], [10.0392812, 34.1765592], [10.0336106, 34.1679968], [10.0371136, 34.1763205], [10.0330563, 34.1732706], [10.0293398, 34.1727879], [10.0339966, 34.1742909], [10.036511, 34.1776108], [10.0340106, 34.1754468], [10.0281155, 34.1738261], [10.0330847, 34.1755836], [10.0343952, 34.181612], [10.0281467, 34.1763961], [10.025398, 34.1792463], [10.0285027, 34.1802483], [10.0223028, 34.1790151], [10.0217091, 34.1810762], [10.0276093, 34.183083], [10.0229614, 34.1823508], [10.016505, 34.1909006], [10.0110091, 34.1932257], [10.001144, 34.1882382], [9.982449, 34.1970061], [9.9659205, 34.211135], [9.9491252, 34.205498], [9.9342956, 34.2061961], [9.9220295, 34.1965624], [9.9221808, 34.189571], [9.917561, 34.1857355], [9.9237582, 34.1814179], [9.9221529, 34.1783333], [9.8969458, 34.168335], [9.8916221, 34.1791278], [9.8635984, 34.1986701], [9.8652235, 34.2068319], [9.8544574, 34.2157947], [9.8519539, 34.2277013], [9.8252273, 34.238065], [9.8159883, 34.2292721], [9.8186366, 34.2204394], [9.7548977, 34.2201309], [9.7110985, 34.2815026]]], [[[10.3032658, 34.3706469], [10.3130328, 34.3808225], [10.3207336, 34.3678896], [10.3210698, 34.3596621], [10.3065469, 34.362388], [10.3032658, 34.3706469]]]]}}, {"id": "5", "type": "Feature", "properties": {"shapeID": "13205935B57742642676849", "shapeName": "Jendouba"}, "geometry": {"type": "Polygon", "coordinates": [[[8.9630056, 36.4599773], [8.9156847, 36.4476656], [8.9007185, 36.4256837], [8.8696094, 36.4139349], [8.8469552, 36.417685], [8.815404, 36.4005086], [8.8015351, 36.4010014], [8.7687016, 36.3926209], [8.7547166, 36.3967501], [8.7523528, 36.4037573], [8.7397589, 36.404256], [8.7153186, 36.3929777], [8.6965217, 36.4018727], [8.6936034, 36.4084007], [8.6854924, 36.4086771], [8.6754717, 36.4165687], [8.6692275, 36.4149455], [8.6579193, 36.4190206], [8.6112918, 36.406622], [8.6065711, 36.3956377], [8.5974087, 36.3944459], [8.5822381, 36.4032025], [8.5616387, 36.4010264], [8.5528411, 36.3951541], [8.5433783, 36.3986948], [8.5400952, 36.3932368], [8.517098, 36.38014], [8.5032739, 36.3813869], [8.4814729, 36.3760141], [8.4781003, 36.3709359], [8.4632087, 36.3668583], [8.4607136, 36.3530747], [8.449565, 36.3472229], [8.4339223, 36.3515262], [8.4303175, 36.3482944], [8.4205542, 36.3511806], [8.3958237, 36.3478337], [8.3764511, 36.3500606], [8.3939176, 36.3650947], [8.3937459, 36.3703992], [8.4019213, 36.3781046], [8.393828, 36.393876], [8.4096565, 36.4118603], [8.406275, 36.423083], [8.3717816, 36.4283341], [8.3658097, 36.439437], [8.3548679, 36.4461786], [8.34343, 36.4352336], [8.3278621, 36.4323362], [8.3273083, 36.4361403], [8.3153325, 36.4381516], [8.3065043, 36.4341614], [8.3032053, 36.4425438], [8.2845182, 36.4460963], [8.2630872, 36.4385751], [8.2509939, 36.4463299], [8.2134151, 36.4466929], [8.2038396, 36.4500706], [8.1955573, 36.4608273], [8.1760281, 36.4595594], [8.1687622, 36.464227], [8.1548266, 36.4804207], [8.1602216, 36.4884709], [8.1536515, 36.4968636], [8.172941, 36.5040989], [8.1771148, 36.5134761], [8.1953007, 36.5071931], [8.2459801, 36.5270141], [8.2564164, 36.5370519], [8.2658311, 36.5350389], [8.2914992, 36.5396172], [8.3199603, 36.5571393], [8.3261432, 36.5738211], [8.3806031, 36.5979003], [8.3877173, 36.5948385], [8.4036936, 36.6165378], [8.4178289, 36.6223942], [8.4492013, 36.6180711], [8.4468002, 36.6236841], [8.4598752, 36.6583448], [8.4513209, 36.6620791], [8.4701684, 36.667963], [8.4839908, 36.683125], [8.4874501, 36.6973186], [8.4798552, 36.7026468], [8.4658183, 36.7251698], [8.4640503, 36.735385], [8.4700492, 36.7414161], [8.46408, 36.7483577], [8.4589719, 36.7514471], [8.4446591, 36.7460207], [8.428918, 36.7487327], [8.4299298, 36.7595184], [8.4841468, 36.7794849], [8.5168334, 36.7783532], [8.5274218, 36.7825861], [8.5323099, 36.7742917], [8.5453917, 36.7734215], [8.5534969, 36.7788438], [8.5724828, 36.7731991], [8.5995956, 36.7987198], [8.6111146, 36.7909313], [8.6219095, 36.800799], [8.6547792, 36.8094346], [8.6694472, 36.8173248], [8.6811291, 36.8389505], [8.6689228, 36.8442258], [8.6625231, 36.8520094], [8.6539319, 36.8486103], [8.6311365, 36.8560451], [8.6250045, 36.8537657], [8.6313684, 36.8729587], [8.6284387, 36.8865023], [8.6324235, 36.8929006], [8.6305438, 36.8969465], [8.636625, 36.9094945], [8.653986, 36.9156879], [8.64285, 36.9296133], [8.6420767, 36.9409263], [8.6803848, 36.9595604], [8.6926556, 36.9627279], [8.7003986, 36.9605014], [8.7116197, 36.9674201], [8.7121583, 36.9631117], [8.7162686, 36.9622558], [8.7421239, 36.9696008], [8.7561646, 36.9578234], [8.7564944, 36.9655462], [8.7601589, 36.9670661], [8.7647009, 36.9600587], [8.7615263, 36.9618705], [8.7585164, 36.9577215], [8.7626024, 36.9605334], [8.7634102, 36.9538691], [8.7831272, 36.9534981], [8.8391378, 36.9769666], [8.8845604, 37.0086195], [8.9246344, 36.9881734], [8.9257004, 36.9732998], [8.9338373, 36.957316], [8.938413, 36.95763], [8.9362515, 36.9539136], [8.9436824, 36.9503961], [8.9329506, 36.9444859], [8.9263506, 36.9322584], [8.9277559, 36.9236291], [8.970285, 36.9068033], [8.9809756, 36.8952607], [9.000967, 36.8858449], [8.9994487, 36.8757463], [8.988915, 36.8753177], [8.9942217, 36.8589086], [8.9882341, 36.8561976], [8.987579, 36.8499993], [8.9722414, 36.8427115], [8.9500106, 36.8433158], [8.9324075, 36.8266071], [8.9328796, 36.8213339], [8.9220435, 36.8163181], [8.9179451, 36.8061136], [8.9209706, 36.8018355], [8.9335448, 36.8036395], [8.930648, 36.7974713], [8.933402, 36.78994], [8.9153058, 36.783157], [8.9112503, 36.7780527], [8.9162285, 36.7733262], [8.940412, 36.7698695], [8.9497032, 36.7643518], [8.9549174, 36.7677381], [8.994657, 36.7657957], [9.0275516, 36.7499109], [9.0307059, 36.7298784], [9.0367355, 36.7249426], [9.0324869, 36.72152], [9.0344181, 36.7147947], [9.0293521, 36.712662], [9.0271849, 36.7062972], [9.0325279, 36.7011534], [9.027657, 36.6949597], [9.0322918, 36.6840336], [9.0272707, 36.6843949], [9.0302748, 36.6815384], [9.0262193, 36.6720216], [9.0164346, 36.6656018], [9.0310725, 36.643636], [9.0425701, 36.6395385], [9.0546078, 36.6164805], [9.0628261, 36.6109862], [9.0613455, 36.6062838], [9.0761513, 36.5971712], [9.0678257, 36.5902111], [9.0728802, 36.5850003], [9.0676112, 36.5816996], [9.0767736, 36.5507643], [9.0675371, 36.5406266], [9.0752501, 36.5265417], [9.0663666, 36.5261796], [9.058241, 36.51546], [9.043085, 36.5055197], [9.05066, 36.50206], [9.0437717, 36.4908577], [9.0514106, 36.4841296], [9.0520114, 36.4768142], [9.0443725, 36.4630097], [9.0406174, 36.4601623], [9.0367121, 36.4650978], [8.9982176, 36.465258], [8.9846564, 36.45996], [8.9630056, 36.4599773]]]}}, {"id": "6", "type": "Feature", "properties": {"shapeID": "13205935B9888826763551", "shapeName": "Kairouan"}, "geometry": {"type": "Polygon", "coordinates": [[[10.1818456, 36.1379144], [10.2065402, 36.1354757], [10.2027556, 36.1327126], [10.2018691, 36.1054153], [10.2102497, 36.0957171], [10.2067279, 36.0887949], [10.2164805, 36.0860855], [10.2101156, 36.0793473], [10.2070042, 36.0680741], [10.2097186, 36.0662442], [10.2044551, 36.0654503], [10.20374, 36.0565521], [10.2217295, 36.0549843], [10.2555286, 36.0356544], [10.2578133, 35.9797417], [10.2527839, 35.9624481], [10.2343633, 35.9339617], [10.2289774, 35.9185146], [10.2192357, 35.919592], [10.2143433, 35.9061408], [10.2022553, 35.9037686], [10.1958694, 35.8905242], [10.1812001, 35.8798174], [10.1767721, 35.8676266], [10.1807668, 35.8535532], [10.170249, 35.8450876], [10.1720919, 35.84019], [10.1611509, 35.8364599], [10.1592286, 35.8246972], [10.1661815, 35.8216579], [10.1603235, 35.8192742], [10.158843, 35.8129232], [10.165645, 35.8025169], [10.1741116, 35.7978281], [10.1731675, 35.7932855], [10.1814716, 35.7903092], [10.1849263, 35.7820236], [10.2030795, 35.764475], [10.2063595, 35.7456282], [10.2141721, 35.7389367], [10.2128205, 35.7116161], [10.2310041, 35.7037915], [10.2526549, 35.6815198], [10.2557448, 35.666808], [10.2647999, 35.6582307], [10.2701214, 35.6391899], [10.307273, 35.5850074], [10.3057367, 35.5815838], [10.2853838, 35.576962], [10.274073, 35.5805], [10.2336901, 35.5678373], [10.2072935, 35.5536603], [10.2573235, 35.4987893], [10.2201055, 35.4753705], [10.2249528, 35.4566064], [10.2165124, 35.4378202], [10.1935854, 35.4329182], [10.1820178, 35.4214647], [10.1765134, 35.4038125], [10.1763677, 35.38761], [10.1605583, 35.3569999], [10.1672169, 35.3452529], [10.1921016, 35.3352697], [10.205125, 35.3205441], [10.174372, 35.26661], [10.2048822, 35.2139158], [10.2205566, 35.1975508], [10.2106286, 35.186811], [10.2229462, 35.1530348], [10.2010893, 35.1487646], [10.1729305, 35.1373886], [10.1502293, 35.1368071], [10.148993, 35.12275], [10.1430517, 35.1166686], [10.1349407, 35.1192312], [10.109803, 35.0948661], [10.0896087, 35.0835676], [10.0805347, 35.0729788], [10.0578057, 35.0576959], [10.0534371, 35.043921], [10.0633076, 35.0202298], [10.007732, 35.04245], [10.017393, 35.05058], [10.005819, 35.05244], [10.012896, 35.06608], [9.994085, 35.08419], [10.002347, 35.10288], [9.992111, 35.12081], [9.997109, 35.1265], [9.994763, 35.15515], [10.00149, 35.16453], [9.984041, 35.17243], [9.973134, 35.18228], [9.967599, 35.20244], [9.950539, 35.20771], [9.942643, 35.19894], [9.914371, 35.19298], [9.898027, 35.18409], [9.888403, 35.18489], [9.882711, 35.17989], [9.886493, 35.17439], [9.883889, 35.17], [9.873203, 35.16611], [9.821707, 35.17146], [9.794055, 35.18156], [9.747787, 35.18044], [9.698817, 35.20065], [9.691162, 35.21159], [9.691612, 35.23074], [9.68265, 35.23676], [9.67448, 35.23488], [9.658411, 35.24254], [9.653035, 35.25207], [9.641731, 35.26069], [9.609456, 35.26668], [9.600032, 35.2796], [9.587007, 35.28476], [9.566163, 35.26972], [9.554523, 35.2749], [9.533673, 35.31391], [9.532412, 35.31869], [9.536612, 35.3222], [9.527282, 35.33328], [9.530377, 35.33693], [9.527077, 35.3443], [9.459141, 35.36355], [9.474441, 35.38843], [9.487209, 35.39245], [9.505198, 35.40524], [9.500283, 35.41158], [9.505127, 35.4141], [9.490412, 35.42377], [9.488303, 35.42939], [9.489112, 35.44053], [9.485008, 35.44939], [9.491145, 35.45867], [9.489146, 35.46561], [9.466166, 35.47715], [9.4640651, 35.4930947], [9.442358, 35.5023122], [9.4334531, 35.5342558], [9.4100857, 35.5457447], [9.3958836, 35.5477298], [9.3983083, 35.5593565], [9.413354, 35.5594786], [9.4199201, 35.5631792], [9.42257, 35.5763939], [9.4101998, 35.5706498], [9.3959061, 35.5827732], [9.3923441, 35.5820054], [9.3893186, 35.5960349], [9.3694702, 35.5974831], [9.3565956, 35.6214877], [9.3178506, 35.6515403], [9.3062206, 35.6541731], [9.3025942, 35.6641281], [9.2767163, 35.6874504], [9.269559, 35.7012063], [9.2743655, 35.7152497], [9.280805, 35.721138], [9.2904684, 35.7224133], [9.3022657, 35.7209774], [9.3357396, 35.7012197], [9.3607582, 35.704962], [9.3979551, 35.6879191], [9.412954, 35.6942104], [9.432974, 35.7124541], [9.4427158, 35.7081854], [9.4568135, 35.7132555], [9.4546034, 35.7202242], [9.4696881, 35.7247013], [9.4680144, 35.729422], [9.4710185, 35.7273839], [9.4782497, 35.731878], [9.502454, 35.729422], [9.5160367, 35.7337766], [9.5198562, 35.728882], [9.5249202, 35.7338289], [9.5222594, 35.7382877], [9.5375802, 35.7427116], [9.5343615, 35.7519764], [9.5044331, 35.7628026], [9.494069, 35.7804909], [9.483679, 35.7875537], [9.5100121, 35.7875929], [9.498323, 35.7952007], [9.5093737, 35.8106893], [9.5088243, 35.82002], [9.5191653, 35.8271522], [9.523339, 35.844055], [9.5149997, 35.851309], [9.5201925, 35.8570831], [9.5176294, 35.8616161], [9.4930427, 35.8723578], [9.487361, 35.9045004], [9.4913108, 35.9104121], [9.5175542, 35.9123229], [9.5238025, 35.9219147], [9.5582131, 35.940199], [9.6096407, 35.9774697], [9.6195971, 35.9900928], [9.6304976, 35.9951623], [9.6296495, 36.0038112], [9.6445373, 36.0161684], [9.7042023, 36.0502679], [9.7120217, 36.0637443], [9.7276429, 36.07037], [9.7532951, 36.0901154], [9.7555954, 36.1136291], [9.7595865, 36.1087753], [9.779349, 36.1022221], [9.7980815, 36.1027596], [9.8078448, 36.1068163], [9.8253972, 36.089461], [9.8287016, 36.0550164], [9.8425848, 36.0638458], [9.8431641, 36.0738188], [9.8778835, 36.0753838], [9.8824635, 36.0682258], [9.8913642, 36.0679992], [9.8962073, 36.0631381], [9.8927076, 36.0569887], [9.8943253, 36.0473888], [9.900916, 36.0426065], [9.9217882, 36.0417338], [9.9360872, 36.0471789], [9.953188, 36.0430713], [9.9543496, 36.0385944], [9.9736768, 36.0499039], [9.9753306, 36.0387664], [9.9962878, 36.0342672], [10.0049469, 36.0266214], [10.0111655, 36.0122729], [10.0203388, 36.0159543], [10.0248516, 36.009417], [10.044334, 36.00057], [10.0429108, 36.0084451], [10.0607383, 36.0463522], [10.05258, 36.0746164], [10.0583054, 36.1061069], [10.0641121, 36.0979781], [10.0650777, 36.0868202], [10.0778013, 36.075372], [10.1275196, 36.084268], [10.1374814, 36.0816603], [10.1349019, 36.0971062], [10.1292902, 36.0985145], [10.1259574, 36.1065957], [10.1372847, 36.1167606], [10.1391844, 36.1232042], [10.143023, 36.1225805], [10.1498398, 36.1303585], [10.1818456, 36.1379144]]]}}, {"id": "7", "type": "Feature", "properties": {"shapeID": "13205935B52637504718586", "shapeName": "Kasserine"}, "geometry": {"type": "Polygon", "coordinates": [[[8.3539598, 35.6166075], [8.3704638, 35.6196349], [8.3893435, 35.6159446], [8.3862566, 35.6353146], [8.4011268, 35.6400929], [8.4151387, 35.6545656], [8.4173479, 35.6642625], [8.4563176, 35.6725104], [8.5435917, 35.667375], [8.5480017, 35.6657467], [8.5434635, 35.6572598], [8.5554583, 35.6458747], [8.5689734, 35.6373286], [8.5707189, 35.6408778], [8.5784673, 35.6403955], [8.5879226, 35.6500536], [8.6150091, 35.6598186], [8.6121803, 35.6643189], [8.618899, 35.6709727], [8.6176665, 35.6754902], [8.6302539, 35.6853371], [8.6276503, 35.6869312], [8.6302228, 35.6914638], [8.6224998, 35.7018586], [8.6265436, 35.710048], [8.6267582, 35.7245703], [8.6186548, 35.7312889], [8.6172289, 35.7476748], [8.6318845, 35.7431242], [8.6363718, 35.7549073], [8.6503044, 35.7505974], [8.6663342, 35.7593554], [8.667299, 35.7878075], [8.6758792, 35.7881493], [8.684634, 35.7832581], [8.7004268, 35.7908821], [8.7118416, 35.7872402], [8.713129, 35.7804079], [8.709905, 35.7774616], [8.7129144, 35.7728091], [8.7209396, 35.7757773], [8.7357588, 35.7703739], [8.7466513, 35.7758426], [8.7586622, 35.7744194], [8.7632313, 35.7768083], [8.7636458, 35.7827232], [8.7709386, 35.783983], [8.7804739, 35.7773005], [8.8040407, 35.7741995], [8.8202827, 35.7561484], [8.8460803, 35.7419075], [8.8810724, 35.7349277], [8.9223923, 35.7161476], [8.9507814, 35.713467], [8.965394, 35.7054871], [8.9862724, 35.7094597], [9.01244, 35.7011058], [8.9799665, 35.686757], [8.9765762, 35.6816852], [8.9676498, 35.681755], [8.9640059, 35.6768702], [8.9818426, 35.676674], [9.0001106, 35.666172], [8.9860161, 35.6632601], [8.9888807, 35.6473156], [8.9972707, 35.6365214], [8.9941911, 35.6330185], [9.0237065, 35.6283594], [9.0484501, 35.6344398], [9.0555282, 35.621749], [9.0799699, 35.6126285], [9.0869205, 35.6005128], [9.0913674, 35.6117577], [9.1015948, 35.6175478], [9.1014101, 35.6241394], [9.1052831, 35.6266624], [9.1147161, 35.6275393], [9.1319888, 35.6101934], [9.1506981, 35.6194104], [9.1668414, 35.6120252], [9.1744857, 35.6169771], [9.1706126, 35.6054919], [9.1782946, 35.6049051], [9.1924352, 35.594332], [9.1838093, 35.5849616], [9.1859336, 35.5784], [9.1814489, 35.574194], [9.1810841, 35.5626568], [9.2051274, 35.5558008], [9.2143006, 35.5427726], [9.2253601, 35.5421311], [9.2679851, 35.5535009], [9.2740774, 35.5456712], [9.2691357, 35.5408782], [9.2702514, 35.532331], [9.2814253, 35.5307456], [9.2934821, 35.534767], [9.3016079, 35.5230461], [9.3082101, 35.5209363], [9.3103815, 35.5135166], [9.3223132, 35.5108586], [9.3225937, 35.501082], [9.3301881, 35.4925122], [9.3229986, 35.4884939], [9.3303451, 35.4787813], [9.3393631, 35.4785184], [9.3308886, 35.4755178], [9.3220026, 35.4655545], [9.2951591, 35.4549631], [9.2318805, 35.4123997], [9.2104633, 35.3933313], [9.1576264, 35.3111741], [9.1501162, 35.291543], [9.1691628, 35.2723259], [9.199655, 35.2555174], [9.2034515, 35.2450799], [9.2489014, 35.2312723], [9.274892, 35.2151345], [9.2381441, 35.1980826], [9.2523247, 35.1790767], [9.2537469, 35.1671121], [9.2527967, 35.1534204], [9.2428639, 35.1376015], [9.2630884, 35.1177155], [9.3026135, 35.1021959], [9.323888, 35.0827355], [9.2719423, 35.020869], [9.247559, 35.0185891], [9.2386061, 35.0226838], [9.23083, 35.017346], [9.2217715, 35.0192738], [9.2130904, 35.0110028], [9.2042898, 35.0088896], [9.1836209, 35.01428], [9.1703243, 35.0107005], [9.1504541, 34.9944406], [9.122079, 34.9953926], [9.1062647, 34.9675969], [9.060979, 34.9559664], [9.0498854, 34.9369882], [9.0353586, 34.9403392], [9.0380698, 34.9228434], [9.0259123, 34.9140882], [9.0312034, 34.8991677], [9.0272619, 34.8889046], [9.0380457, 34.8865463], [9.0584439, 34.8903151], [9.0647748, 34.8832845], [9.059346, 34.8702579], [9.0388342, 34.8572856], [9.0149239, 34.8493451], [8.9716871, 34.8256715], [8.9498432, 34.8254073], [8.9305681, 34.8187854], [8.9208807, 34.8102274], [8.893539, 34.8004], [8.839189, 34.77056], [8.789022, 34.75331], [8.750597, 34.72505], [8.730334, 34.72487], [8.722404, 34.71553], [8.650887, 34.67698], [8.585568, 34.62741], [8.539898, 34.6302], [8.523173, 34.63966], [8.50845, 34.64061], [8.482667, 34.66421], [8.46967, 34.66826], [8.442679, 34.68534], [8.416982, 34.69113], [8.362789, 34.71157], [8.3191093, 34.736474], [8.2974666, 34.7429526], [8.2837938, 34.7668911], [8.2836361, 34.8212922], [8.279763, 34.8246099], [8.2790362, 34.8356153], [8.2726228, 34.8404612], [8.275636, 34.8446154], [8.2707095, 34.8506954], [8.2687058, 34.8663286], [8.2613695, 34.8743274], [8.2560683, 34.9088592], [8.245209, 34.9210544], [8.2615593, 34.9314908], [8.2695844, 34.9323], [8.2863429, 34.9451936], [8.3008702, 34.9496749], [8.3152683, 34.948092], [8.3086479, 34.9537492], [8.3168937, 34.9938743], [8.3156806, 35.0092064], [8.3571567, 35.0987076], [8.3998166, 35.1279222], [8.416342, 35.1509927], [8.4226076, 35.1791645], [8.4544937, 35.220054], [8.4765307, 35.239755], [8.454687, 35.2362558], [8.4396642, 35.2374253], [8.4223914, 35.245975], [8.4087682, 35.2449795], [8.3587763, 35.276237], [8.3335957, 35.2804499], [8.3247356, 35.2897893], [8.3240149, 35.2984112], [8.311548, 35.3150642], [8.3115051, 35.3244485], [8.316848, 35.3258753], [8.3173845, 35.3412361], [8.3126931, 35.3722303], [8.3298592, 35.4065342], [8.3244948, 35.4133897], [8.3154611, 35.4142116], [8.3291297, 35.4218359], [8.3394079, 35.445491], [8.3498149, 35.4542659], [8.3532695, 35.4631447], [8.3724338, 35.4678647], [8.3844046, 35.4667624], [8.3861023, 35.4743218], [8.3853632, 35.4874193], [8.3734423, 35.495175], [8.3599665, 35.5257413], [8.3631827, 35.534369], [8.3533491, 35.5821264], [8.3509337, 35.6114495], [8.3539598, 35.6166075]]]}}, {"id": "8", "type": "Feature", "properties": {"shapeID": "13205935B953488337212", "shapeName": "Mahdia"}, "geometry": {"type": "Polygon", "coordinates": [[[10.307273, 35.5850074], [10.3159124, 35.5852155], [10.3212165, 35.5941296], [10.3305076, 35.5948973], [10.3302716, 35.5914599], [10.3245424, 35.5912156], [10.3232549, 35.5841484], [10.3269886, 35.573206], [10.314865, 35.5801172], [10.3224181, 35.569471], [10.3146933, 35.5736947], [10.3086637, 35.571548], [10.3101014, 35.5673591], [10.3018402, 35.5620004], [10.3010248, 35.5530277], [10.2929138, 35.5515089], [10.2943566, 35.5397138], [10.3076603, 35.5341612], [10.3011587, 35.5264079], [10.3106215, 35.5295687], [10.3142049, 35.5180076], [10.3198483, 35.52178], [10.3362634, 35.5022176], [10.3508888, 35.5004736], [10.3506011, 35.4941745], [10.3556866, 35.4909773], [10.3620809, 35.4929865], [10.3711531, 35.4708468], [10.3769037, 35.47726], [10.3831908, 35.4775396], [10.3856488, 35.4833471], [10.3783146, 35.4847897], [10.3832337, 35.4926356], [10.3894565, 35.4937013], [10.376539, 35.4925483], [10.3914735, 35.498261], [10.3910873, 35.4939284], [10.3968165, 35.4951863], [10.402889, 35.4898403], [10.4230085, 35.497174], [10.4265276, 35.4890153], [10.4406896, 35.4816769], [10.4510751, 35.4819215], [10.4583278, 35.4746874], [10.4522553, 35.4687284], [10.4628339, 35.4542746], [10.4586497, 35.453051], [10.4650294, 35.4417234], [10.4606199, 35.4350363], [10.4742065, 35.4333845], [10.4769316, 35.4391539], [10.4853216, 35.4338915], [10.4762021, 35.4306221], [10.4763952, 35.4241527], [10.4916087, 35.4087115], [10.5028525, 35.4054585], [10.5108777, 35.4076622], [10.5306402, 35.3993369], [10.5287519, 35.4052312], [10.542871, 35.4090263], [10.5593286, 35.3966368], [10.5662809, 35.3980886], [10.5675898, 35.4195124], [10.5746493, 35.4368572], [10.570508, 35.4429409], [10.5715701, 35.4485697], [10.5861936, 35.4535864], [10.5880819, 35.4593543], [10.5960212, 35.4564704], [10.6048476, 35.46449], [10.6123612, 35.4656548], [10.6110703, 35.4698989], [10.616963, 35.4743709], [10.6210741, 35.4855552], [10.6381274, 35.5002085], [10.640159, 35.4859131], [10.6609596, 35.4772793], [10.6723361, 35.4847379], [10.6771965, 35.4772178], [10.6841942, 35.4775413], [10.6836806, 35.4716455], [10.6889289, 35.4760239], [10.6973572, 35.4735011], [10.6979292, 35.4794926], [10.7121211, 35.4751993], [10.7180116, 35.4892643], [10.7355207, 35.4873622], [10.7308648, 35.4745039], [10.7535529, 35.4637316], [10.75966, 35.4497767], [10.7667504, 35.4489554], [10.7775365, 35.4402157], [10.7755856, 35.4348377], [10.7815728, 35.4348053], [10.7813444, 35.4272069], [10.797143, 35.4287095], [10.7998726, 35.4230278], [10.8085236, 35.4230213], [10.8153144, 35.4332111], [10.8251721, 35.4301889], [10.8258777, 35.4352948], [10.8428668, 35.4373108], [10.8469193, 35.4512766], [10.8372411, 35.4562755], [10.8432844, 35.4639897], [10.8440266, 35.4669666], [10.8396569, 35.4680103], [10.8473342, 35.4835854], [10.8516496, 35.4868165], [10.8590598, 35.4831928], [10.8671586, 35.4868484], [10.8733702, 35.498915], [10.8761536, 35.4966103], [10.8936219, 35.5068086], [10.9104236, 35.5040654], [10.9242816, 35.507836], [10.9158994, 35.5180211], [10.9218841, 35.5236263], [10.9215062, 35.5297033], [10.9289245, 35.5292514], [10.9373996, 35.5425651], [10.9513797, 35.5428823], [10.9519064, 35.537431], [10.956434, 35.5358769], [10.9582024, 35.5406907], [10.992209, 35.5422232], [10.9947723, 35.5442243], [10.9907992, 35.5517761], [10.995477, 35.5553723], [11.0000892, 35.5524487], [11.000851, 35.5556142], [11.0111436, 35.5563853], [11.0127433, 35.5523652], [11.0295784, 35.5571622], [11.0359897, 35.5328788], [11.0490905, 35.5149755], [11.0652123, 35.5057207], [11.0825846, 35.5078483], [11.0697439, 35.498846], [11.0692384, 35.5022103], [11.063913, 35.500021], [11.0670956, 35.495496], [11.0714908, 35.4990299], [11.0678948, 35.4954691], [11.0599962, 35.4945223], [11.0434937, 35.4446354], [11.0407385, 35.4189272], [11.0502867, 35.3909839], [11.0354746, 35.3856008], [11.0319126, 35.3700087], [11.0341013, 35.3467969], [11.0410793, 35.3267438], [11.055868, 35.3083388], [11.1005582, 35.2668699], [11.1322722, 35.2457609], [11.1631566, 35.2331688], [11.1664311, 35.2307196], [11.158038, 35.2326908], [11.1548575, 35.2241702], [11.1500429, 35.2221312], [11.1433892, 35.2258794], [11.1392991, 35.2229861], [11.1344268, 35.2274655], [11.126762, 35.2259823], [11.1292913, 35.2230563], [11.1179098, 35.2227514], [11.1185441, 35.219227], [11.1085668, 35.2113093], [11.1086964, 35.1940174], [11.0993807, 35.1908394], [11.0988829, 35.1836538], [11.0908343, 35.180967], [11.0820962, 35.1693066], [11.0881427, 35.1609682], [11.0585489, 35.1590685], [11.051259, 35.1518263], [11.0602933, 35.1460534], [11.0505365, 35.149952], [11.0385047, 35.1353555], [11.0234965, 35.1091662], [11.021528923857058, 35.08923530914258], [11.0082337, 35.0898708], [10.9925804, 35.096187], [10.9876773, 35.0916134], [10.9561345, 35.097969], [10.9327295, 35.1270278], [10.9198846, 35.1367572], [10.9405682, 35.1530646], [10.9275475, 35.1619706], [10.9321824, 35.1652159], [10.9073724, 35.188683], [10.8875863, 35.1609583], [10.8346349, 35.1451552], [10.8368245, 35.161567], [10.8044585, 35.2100106], [10.8047453, 35.2459587], [10.7949391, 35.2562097], [10.7910982, 35.2738304], [10.7650999, 35.2785064], [10.7612935, 35.2650753], [10.7505378, 35.2488085], [10.7582626, 35.2415754], [10.7478341, 35.2403443], [10.7389507, 35.232177], [10.7112408, 35.221601], [10.6875622, 35.2186998], [10.6746018, 35.2219362], [10.6445932, 35.2420113], [10.6372976, 35.2537347], [10.632931, 35.2523416], [10.6289868, 35.2576335], [10.5620175, 35.2280594], [10.5920127, 35.1861027], [10.585473, 35.1793301], [10.5558658, 35.1560124], [10.5292172, 35.1427197], [10.4763694, 35.1314853], [10.4274145, 35.0889139], [10.4107951, 35.0900925], [10.3941249, 35.1004108], [10.3807004, 35.1119023], [10.3800704, 35.1190993], [10.369296, 35.124744], [10.364114, 35.1323167], [10.3514, 35.1355288], [10.3351689, 35.1322113], [10.3170573, 35.1435733], [10.2909648, 35.1304916], [10.2814239, 35.1303246], [10.2289923, 35.1534819], [10.2229462, 35.1530348], [10.2106286, 35.186811], [10.2205566, 35.1975508], [10.2048822, 35.2139158], [10.174372, 35.26661], [10.205125, 35.3205441], [10.1921016, 35.3352697], [10.1672169, 35.3452529], [10.1605583, 35.3569999], [10.1763677, 35.38761], [10.1765134, 35.4038125], [10.1820178, 35.4214647], [10.1935854, 35.4329182], [10.2165124, 35.4378202], [10.2249528, 35.4566064], [10.2201055, 35.4753705], [10.2573235, 35.4987893], [10.2072935, 35.5536603], [10.2336901, 35.5678373], [10.274073, 35.5805], [10.2853838, 35.576962], [10.3057367, 35.5815838], [10.307273, 35.5850074]]]}}, {"id": "9", "type": "Feature", "properties": {"shapeID": "13205935B47286197858453", "shapeName": "Manouba"}, "geometry": {"type": "Polygon", "coordinates": [[[10.1149563, 36.8275308], [10.1191711, 36.7974789], [10.1152315, 36.7959192], [10.1004054, 36.8020196], [10.0813886, 36.795819], [10.0738784, 36.7995777], [10.059847, 36.7971405], [10.0515732, 36.7866515], [10.0447389, 36.7941007], [10.0390526, 36.7925542], [10.029579, 36.7986455], [10.0206828, 36.7985194], [10.0037899, 36.7869191], [10.0258484, 36.7733419], [10.0278936, 36.7614071], [10.0409412, 36.7453356], [10.0322616, 36.7396133], [10.0749885, 36.7241359], [10.069833, 36.7061439], [10.085531, 36.695186], [10.0904233, 36.6937408], [10.0932684, 36.6968524], [10.0813995, 36.6670632], [10.0594987, 36.6456568], [10.0429521, 36.6226571], [10.0369252, 36.6295406], [10.0352515, 36.6398547], [10.0237931, 36.6489279], [10.0289215, 36.6543678], [10.0174631, 36.662768], [9.9985589, 36.6440557], [9.9929128, 36.6309403], [9.9808321, 36.6174733], [9.9627647, 36.6146143], [9.9497847, 36.6069804], [9.9379401, 36.5945429], [9.9356206, 36.5847353], [9.921716, 36.576206], [9.9024684, 36.5529739], [9.8888214, 36.5726389], [9.8640238, 36.5750126], [9.8605257, 36.5939287], [9.8478064, 36.6088945], [9.8288171, 36.6055657], [9.8174407, 36.6076936], [9.8100731, 36.6218426], [9.8163123, 36.6293235], [9.8117992, 36.6398038], [9.8037097, 36.6407671], [9.7969419, 36.6351147], [9.7854111, 36.6465798], [9.7967407, 36.6527257], [9.7987534, 36.6653367], [9.7757122, 36.6854958], [9.7880075, 36.7100469], [9.7684897, 36.7215986], [9.7749056, 36.7296303], [9.7622708, 36.7309351], [9.741793, 36.71212], [9.7366038, 36.714808], [9.7379171, 36.7225526], [9.7137945, 36.7332572], [9.7081507, 36.7437138], [9.6964563, 36.7448486], [9.6813286, 36.7543221], [9.6469105, 36.7577432], [9.6381129, 36.7618003], [9.5990472, 36.7903431], [9.5981037, 36.7959107], [9.5712595, 36.8273141], [9.5662599, 36.841311], [9.5824284, 36.8550903], [9.6157355, 36.8665293], [9.6275413, 36.8668581], [9.6306982, 36.8562766], [9.6348638, 36.8570389], [9.636956, 36.8622999], [9.6528713, 36.86499], [9.6546548, 36.8723733], [9.6766721, 36.8839903], [9.6921554, 36.8839378], [9.7133023, 36.9021216], [9.7399213, 36.8894833], [9.7676424, 36.8913956], [9.7792614, 36.9205525], [9.7842863, 36.9229419], [9.7892549, 36.934243], [9.8058388, 36.9427779], [9.8127317, 36.9402398], [9.8131614, 36.9629751], [9.8255649, 36.9716614], [9.838809, 36.9612437], [9.862626, 36.9548849], [9.8695189, 36.9579151], [9.9165074, 36.9495246], [9.9269144, 36.9532026], [9.9444337, 36.9194178], [9.9436526, 36.9146394], [9.9799057, 36.9264479], [10.0004638, 36.9180473], [10.0112037, 36.8970608], [10.0043819, 36.8902669], [10.0050165, 36.8809186], [9.9969549, 36.8772236], [9.9980253, 36.8707462], [9.9908743, 36.8580173], [9.9756311, 36.858832], [9.9789146, 36.8466389], [9.9673122, 36.8459391], [9.9632889, 36.8435494], [9.9652788, 36.8417829], [9.9810309, 36.8383586], [9.9892477, 36.8522113], [10.0198684, 36.8513781], [10.025278, 36.8479535], [10.0375063, 36.8563703], [10.0395312, 36.8539063], [10.0547649, 36.8707749], [10.073588, 36.8726701], [10.0776581, 36.8695156], [10.0751065, 36.86418], [10.0939072, 36.8397663], [10.0960555, 36.8309952], [10.1049061, 36.821974], [10.1149563, 36.8275308]]]}}, {"id": "10", "type": "Feature", "properties": {"shapeID": "13205935B988461082754", "shapeName": "Sidi Bouzid"}, "geometry": {"type": "Polygon", "coordinates": [[[10.0633076, 35.0202298], [10.0636092, 35.0033394], [10.049, 34.9854784], [10.0291028, 34.9487435], [10.0087233, 34.8970731], [9.9786157, 34.8722083], [9.9546305, 34.8309894], [9.9606794, 34.8281021], [9.9414041, 34.7778795], [9.9392755, 34.7560896], [9.9250947, 34.7507786], [9.913125, 34.751201], [9.9119865, 34.7346104], [9.9176918, 34.7314931], [9.9181586, 34.7205721], [9.9035459, 34.6946947], [9.8994293, 34.679541], [9.9084762, 34.6652544], [9.8872122, 34.6611571], [9.8793106, 34.6437083], [9.9010535, 34.6327113], [9.8728443, 34.6072524], [9.8782422, 34.6042647], [9.8824999, 34.5925494], [9.9005257, 34.5980549], [9.9078213, 34.596006], [9.9706014, 34.5674694], [9.9812172, 34.5473908], [9.9694411, 34.5380983], [10.0225823, 34.5352359], [10.0598435, 34.5258315], [10.047145, 34.5223735], [10.00758, 34.4866582], [9.9966431, 34.4900935], [9.9912934, 34.4806279], [9.9739049, 34.4718709], [9.9624009, 34.4587705], [9.9475522, 34.4499946], [9.9410874, 34.4473056], [9.9357975, 34.4506455], [9.9244419, 34.4677592], [9.9168236, 34.4593904], [9.9161965, 34.446282], [9.9207885, 34.4316822], [9.8983834, 34.4205664], [9.8874641, 34.3968198], [9.8591215, 34.3702123], [9.8320824, 34.363445], [9.8241234, 34.3673611], [9.8009946, 34.3648831], [9.7794682, 34.3584853], [9.7749192, 34.3513286], [9.7643835, 34.3460316], [9.7231413, 34.3371924], [9.7200504, 34.3330846], [9.7413379, 34.3159437], [9.7459192, 34.3003019], [9.7552425, 34.2901886], [9.7543547, 34.2843413], [9.7615135, 34.2743513], [9.6955202, 34.2826249], [9.5485844, 34.2647359], [9.55191, 34.2778], [9.544888, 34.29346], [9.550347, 34.3151], [9.538481, 34.3517], [9.555047, 34.36119], [9.56073, 34.36954], [9.507318, 34.38175], [9.488651, 34.44604], [9.459443, 34.46396], [9.453095, 34.48144], [9.417483, 34.48261], [9.403545, 34.4934], [9.404726, 34.49957], [9.35781, 34.50673], [9.342429, 34.50393], [9.335118, 34.49406], [9.310155, 34.50158], [9.31256, 34.50791], [9.338073, 34.52941], [9.333636, 34.53544], [9.334686, 34.54315], [9.343664, 34.55913], [9.35023, 34.56295], [9.347819, 34.56748], [9.314235, 34.55227], [9.306079, 34.55768], [9.31286, 34.56529], [9.296494, 34.56627], [9.293061, 34.58039], [9.270292, 34.5684], [9.254797, 34.57867], [9.277591, 34.62472], [9.272007, 34.63421], [9.271737, 34.64546], [9.281907, 34.66024], [9.26828, 34.67066], [9.269374, 34.6756], [9.263205, 34.68384], [9.227797, 34.70833], [9.19618, 34.70611], [9.19055, 34.69297], [9.152609, 34.70629], [9.156189, 34.71706], [9.142458, 34.71083], [9.124766, 34.71001], [9.118088, 34.7037], [9.101497, 34.70915], [9.09003, 34.70556], [9.080952, 34.69948], [9.078658, 34.68904], [9.07286, 34.68804], [9.067757, 34.67982], [9.063411, 34.6881], [9.04101, 34.6937], [9.026121, 34.70619], [9.00331, 34.7096], [8.977506, 34.73064], [8.952127, 34.75398], [8.9208807, 34.8102274], [8.9412816, 34.8236458], [8.9716871, 34.8256715], [9.059346, 34.8702579], [9.0647748, 34.8832845], [9.0584439, 34.8903151], [9.0380457, 34.8865463], [9.0272619, 34.8889046], [9.0312034, 34.8991677], [9.0259123, 34.9140882], [9.0380698, 34.9228434], [9.0353586, 34.9403392], [9.0498854, 34.9369882], [9.060979, 34.9559664], [9.1062647, 34.9675969], [9.122079, 34.9953926], [9.1504541, 34.9944406], [9.1703243, 35.0107005], [9.1836209, 35.01428], [9.2042898, 35.0088896], [9.2130904, 35.0110028], [9.2217715, 35.0192738], [9.23083, 35.017346], [9.2386061, 35.0226838], [9.247559, 35.0185891], [9.2719423, 35.020869], [9.323888, 35.0827355], [9.3026135, 35.1021959], [9.2630884, 35.1177155], [9.2428639, 35.1376015], [9.2527967, 35.1534204], [9.2537469, 35.1671121], [9.2523247, 35.1790767], [9.2381441, 35.1980826], [9.274892, 35.2151345], [9.2489014, 35.2312723], [9.2034515, 35.2450799], [9.199655, 35.2555174], [9.1691628, 35.2723259], [9.1501162, 35.291543], [9.1576264, 35.3111741], [9.2104633, 35.3933313], [9.2318805, 35.4123997], [9.2951591, 35.4549631], [9.3262083, 35.4680143], [9.3308886, 35.4755178], [9.3637318, 35.4792989], [9.3952707, 35.4952502], [9.4070724, 35.4954948], [9.4129411, 35.4888122], [9.4454039, 35.484477], [9.4640651, 35.4930947], [9.466166, 35.47715], [9.490336, 35.46347], [9.491145, 35.45867], [9.485008, 35.44939], [9.489112, 35.44053], [9.488303, 35.42939], [9.490412, 35.42377], [9.505127, 35.4141], [9.500283, 35.41158], [9.505198, 35.40524], [9.487209, 35.39245], [9.474441, 35.38843], [9.459141, 35.36355], [9.527077, 35.3443], [9.530377, 35.33693], [9.527282, 35.33328], [9.536612, 35.3222], [9.532412, 35.31869], [9.533673, 35.31391], [9.554523, 35.2749], [9.566163, 35.26972], [9.587007, 35.28476], [9.600032, 35.2796], [9.609456, 35.26668], [9.641731, 35.26069], [9.653035, 35.25207], [9.658411, 35.24254], [9.67448, 35.23488], [9.68265, 35.23676], [9.691612, 35.23074], [9.691162, 35.21159], [9.698817, 35.20065], [9.747787, 35.18044], [9.794055, 35.18156], [9.821707, 35.17146], [9.873203, 35.16611], [9.883889, 35.17], [9.886493, 35.17439], [9.882711, 35.17989], [9.888403, 35.18489], [9.898027, 35.18409], [9.914371, 35.19298], [9.942643, 35.19894], [9.950539, 35.20771], [9.967599, 35.20244], [9.973134, 35.18228], [9.984041, 35.17243], [10.00149, 35.16453], [9.994763, 35.15515], [9.997109, 35.1265], [9.992111, 35.12081], [10.002347, 35.10288], [9.994085, 35.08419], [10.012896, 35.06608], [10.005819, 35.05244], [10.017393, 35.05058], [10.007732, 35.04245], [10.0633076, 35.0202298]]]}}, {"id": "11", "type": "Feature", "properties": {"shapeID": "13205935B11721331776240", "shapeName": "K\u00e9bili"}, "geometry": {"type": "Polygon", "coordinates": [[[7.7365763, 33.424659], [7.84735, 33.45661], [7.90887, 33.49328], [8.02858, 33.57404], [8.09253, 33.62399], [8.2244517, 33.7176717], [8.317756, 33.75676], [8.352495, 33.77988], [8.432435, 33.84155], [8.44715, 33.86057], [8.54673, 33.92374], [8.60484, 33.99366], [8.63002, 34.01513], [8.64814, 34.05061], [8.6476564, 34.0660276], [8.6536646, 34.0787182], [8.6607885, 34.0826192], [8.6796713, 34.0888658], [8.6958074, 34.0862358], [8.7253332, 34.0949787], [8.7383214, 34.0928558], [8.7611246, 34.0967556], [8.8004351, 34.0917802], [8.8443804, 34.0949787], [8.8544192, 34.0998376], [8.8554478, 34.1205967], [8.9123599, 34.1220678], [8.9570589, 34.115788], [9.01684, 34.1221387], [9.0440839, 34.1287761], [9.0768785, 34.1425111], [9.0881653, 34.1509286], [9.1281624, 34.1652488], [9.1479866, 34.1679175], [9.1566555, 34.1640826], [9.2235406, 34.1718304], [9.2473919, 34.1854278], [9.2755819, 34.1412942], [9.3043125, 34.1325804], [9.3075227, 34.1248448], [9.3507829, 34.113129], [9.3275387, 34.1065507], [9.3257296, 34.097663], [9.318305, 34.0912685], [9.3015039, 34.091959], [9.2920477, 34.0874625], [9.2848165, 34.0789009], [9.2720382, 34.0732403], [9.2760229, 34.0658176], [9.2624831, 34.0590227], [9.2625582, 34.0531961], [9.2528231, 34.0384363], [9.2480916, 33.9292263], [9.2722055, 33.8704192], [9.3338526, 33.7728469], [9.3395892, 33.7361128], [9.3509081, 33.7106457], [9.3705881, 33.7024176], [9.4243862, 33.6936528], [9.4431247, 33.6839643], [9.4517017, 33.6684442], [9.4636768, 33.624351], [9.5197548, 33.6299939], [9.5310902, 33.636586], [9.5390195, 33.6353033], [9.5341801, 33.6160031], [9.5364498, 33.6052392], [9.5558583, 33.5888782], [9.5651949, 33.5855131], [9.5814071, 33.5942764], [9.6167702, 33.5907875], [9.5904043, 33.5837549], [9.5802484, 33.5660938], [9.5598377, 33.5541294], [9.544846, 33.5226923], [9.5473876, 33.514714], [9.5314483, 33.4974515], [9.516798, 33.4970283], [9.5016651, 33.5018174], [9.4882755, 33.4950895], [9.4943694, 33.496521], [9.5045833, 33.4922263], [9.5350906, 33.4673301], [9.5500195, 33.4625874], [9.5551376, 33.4587923], [9.5564732, 33.4513442], [9.5707758, 33.4397402], [9.6222572, 33.4192383], [9.6283509, 33.4060411], [9.6297244, 33.3912943], [9.6366928, 33.3836512], [9.6482685, 33.350188], [9.6749136, 33.3269904], [9.7096404, 33.284033], [9.7902135, 33.220092], [9.8575355, 33.2035721], [9.8993405, 33.211892], [9.9166045, 33.1984421], [9.9135455, 33.1704621], [9.9188725, 33.1470022], [9.9100485, 33.0887123], [9.9153735, 33.0724923], [9.9067995, 33.0664823], [9.8965, 33.06525], [9.89355, 33.05226], [9.89866, 33.048], [9.9097949, 33.0512298], [9.9168815, 33.0468114], [9.9273806, 33.0337431], [9.9366345, 33.0035513], [9.9628349, 32.9926749], [9.9770374, 32.9964346], [9.9950831, 32.992976], [10.0039972, 32.9886138], [10.0116637, 32.977276], [9.9959945, 32.9639848], [9.9635471, 32.9614223], [9.93648, 32.95193], [9.9309618, 32.94156], [9.9382479, 32.9340728], [9.9328406, 32.9229063], [9.94077, 32.91761], [9.9432, 32.88879], [9.97139, 32.85563], [9.9431382, 32.8151838], [9.92931, 32.81953], [9.9123349, 32.8108327], [9.91269, 32.79411], [9.924204, 32.7801149], [9.9234207, 32.7635223], [9.9023926, 32.7520106], [9.89543, 32.7400198], [9.8798616, 32.7351797], [9.8975427, 32.7281039], [9.8988302, 32.722544], [9.9127348, 32.7095454], [9.9630933, 32.6849366], [9.9640401, 32.6599528], [9.9586327, 32.6514257], [9.950511, 32.6476366], [9.9349678, 32.647563], [9.914204, 32.658467], [9.91107, 32.665721], [9.9018987, 32.6707911], [9.904774, 32.6785939], [9.901003, 32.6830711], [9.8707693, 32.6928451], [9.8608902, 32.7020213], [9.8417786, 32.703426], [9.8397143, 32.7175795], [9.8281272, 32.7270389], [9.807442, 32.7216956], [9.7911771, 32.7571436], [9.7839673, 32.7608969], [9.7803195, 32.7689083], [9.7745688, 32.7688361], [9.7703631, 32.7853258], [9.7576278, 32.7912857], [9.7499783, 32.7876078], [9.7430901, 32.7959325], [9.7374471, 32.7968073], [9.7253686, 32.7977479], [9.714861, 32.7934266], [9.7098503, 32.8006221], [9.6790617, 32.7923558], [9.6792968, 32.7833144], [9.6576553, 32.7803159], [9.6495993, 32.7731393], [9.6409482, 32.776812], [9.6133895, 32.7679656], [9.5968886, 32.7552984], [9.5896758, 32.7611877], [9.570505, 32.7584828], [9.5661927, 32.7533092], [9.559543, 32.7549902], [9.5216768, 32.7288522], [9.4715422, 32.7068501], [9.2112614, 32.6489151], [8.35683, 32.502602], [8.322605, 32.823472], [8.247183, 32.924407], [8.168964, 33.004969], [8.116149, 33.049835], [8.117256, 33.099813], [7.905653, 33.184487], [7.8321519, 33.1881161], [7.789623, 33.279991], [7.777753, 33.32364], [7.7492157, 33.3273523], [7.732558, 33.3747001], [7.7365763, 33.424659]]]}}, {"id": "12", "type": "Feature", "properties": {"shapeID": "13205935B67114336122672", "shapeName": "B\u00e9ja"}, "geometry": {"type": "Polygon", "coordinates": [[[9.016151, 36.4634208], [9.0367121, 36.4650978], [9.0406174, 36.4601623], [9.0443725, 36.4630097], [9.0520114, 36.4768142], [9.0514106, 36.4841296], [9.0437717, 36.4908577], [9.05066, 36.50206], [9.043085, 36.5055197], [9.058241, 36.51546], [9.0663666, 36.5261796], [9.0752501, 36.5265417], [9.0675371, 36.5406266], [9.0767736, 36.5507643], [9.0676112, 36.5816996], [9.0728802, 36.5850003], [9.0678257, 36.5902111], [9.0761513, 36.5971712], [9.0613455, 36.6062838], [9.0628261, 36.6109862], [9.0546078, 36.6164805], [9.0425701, 36.6395385], [9.0310725, 36.643636], [9.0164346, 36.6656018], [9.0262193, 36.6720216], [9.0302748, 36.6815384], [9.0272707, 36.6843949], [9.0322918, 36.6840336], [9.027657, 36.6949597], [9.0325279, 36.7011534], [9.0271849, 36.7062972], [9.0293521, 36.712662], [9.0344181, 36.7147947], [9.0324869, 36.72152], [9.0367355, 36.7249426], [9.0307059, 36.7298784], [9.0275516, 36.7499109], [8.994657, 36.7657957], [8.9549174, 36.7677381], [8.9497032, 36.7643518], [8.940412, 36.7698695], [8.9162285, 36.7733262], [8.9112503, 36.7780527], [8.9153058, 36.783157], [8.933402, 36.78994], [8.930648, 36.7974713], [8.9335448, 36.8036395], [8.9209706, 36.8018355], [8.9179451, 36.8061136], [8.9220435, 36.8163181], [8.9328796, 36.8213339], [8.9324075, 36.8266071], [8.9500106, 36.8433158], [8.9722414, 36.8427115], [8.987579, 36.8499993], [8.9882341, 36.8561976], [8.9942217, 36.8589086], [8.988915, 36.8753177], [8.9994487, 36.8757463], [9.000967, 36.8858449], [8.9809756, 36.8952607], [8.970285, 36.9068033], [8.9277559, 36.9236291], [8.9263506, 36.9322584], [8.9329506, 36.9444859], [8.9436824, 36.9503961], [8.9362515, 36.9539136], [8.938413, 36.95763], [8.9338373, 36.957316], [8.9257004, 36.9732998], [8.9246344, 36.9881734], [8.8845604, 37.0086195], [8.9543641, 37.0621043], [8.9626919, 37.0767508], [8.9848111, 37.098336], [8.9844894, 37.1029602], [8.9783951, 37.1039869], [9.0091887, 37.1188891], [9.0120774, 37.126853], [9.0204194, 37.1278795], [9.0261981, 37.1373837], [9.073708, 37.1563748], [9.0821111, 37.1570225], [9.0901344, 37.1504442], [9.0966575, 37.1361962], [9.1115926, 37.1286139], [9.1059787, 37.1168552], [9.0915979, 37.1124631], [9.0919529, 37.1071008], [9.0846766, 37.1017132], [9.0745701, 37.0820811], [9.0955362, 37.069341], [9.1062651, 37.047337], [9.1133246, 37.0508992], [9.1222725, 37.0472514], [9.137989, 37.04897], [9.1462622, 37.0541701], [9.1696081, 37.0552832], [9.1871819, 37.0506423], [9.1933188, 37.0447167], [9.2066011, 37.027588], [9.208704, 37.0159896], [9.204603, 37.01044], [9.2169437, 36.9995228], [9.2140255, 36.9782871], [9.2037044, 36.9703672], [9.2315779, 36.9573027], [9.2404613, 36.9447505], [9.2602441, 36.9285333], [9.2439804, 36.9128976], [9.2478642, 36.9058802], [9.2639023, 36.9000967], [9.2678213, 36.8951046], [9.2938909, 36.8922727], [9.2972383, 36.8811172], [9.3127093, 36.8714534], [9.3191681, 36.8731528], [9.3191895, 36.8815806], [9.3277438, 36.8856326], [9.3323572, 36.8780463], [9.3399532, 36.877806], [9.3601449, 36.8607942], [9.3845208, 36.8494452], [9.3836196, 36.8429029], [9.3899496, 36.8380774], [9.3794568, 36.8337152], [9.3598874, 36.8074513], [9.3572695, 36.7844951], [9.3449528, 36.7666203], [9.3525055, 36.7556381], [9.3669083, 36.7524771], [9.3859974, 36.7415608], [9.4009961, 36.7234013], [9.4195385, 36.7332171], [9.427366, 36.73292], [9.4325373, 36.7455065], [9.4486573, 36.7596394], [9.4755223, 36.7667389], [9.486852, 36.7760549], [9.5154551, 36.786504], [9.5169142, 36.8009895], [9.5282224, 36.8173962], [9.5483926, 36.8278912], [9.5601943, 36.8412526], [9.566968, 36.843406], [9.5712595, 36.8273141], [9.5981037, 36.7959107], [9.5990472, 36.7903431], [9.6381129, 36.7618003], [9.6469105, 36.7577432], [9.6813286, 36.7543221], [9.6964563, 36.7448486], [9.7081507, 36.7437138], [9.7137945, 36.7332572], [9.7379171, 36.7225526], [9.7366038, 36.714808], [9.741793, 36.71212], [9.7622708, 36.7309351], [9.7749056, 36.7296303], [9.7684897, 36.7215986], [9.7880075, 36.7100469], [9.7757122, 36.6854958], [9.7987534, 36.6653367], [9.7967407, 36.6527257], [9.7854111, 36.6465798], [9.7969419, 36.6351147], [9.8037097, 36.6407671], [9.8117992, 36.6398038], [9.8163123, 36.6293235], [9.8100731, 36.6218426], [9.8174407, 36.6076936], [9.8288171, 36.6055657], [9.8478064, 36.6088945], [9.8542492, 36.6044115], [9.855314, 36.5976181], [9.8605257, 36.5939287], [9.8640238, 36.5750126], [9.8386605, 36.566591], [9.8240382, 36.5302198], [9.7971028, 36.5236264], [9.7839707, 36.511003], [9.7841424, 36.5004992], [9.7756452, 36.4873372], [9.7682423, 36.4855085], [9.759369, 36.48885], [9.7516651, 36.4779505], [9.732933, 36.46962], [9.7396514, 36.4657373], [9.7355386, 36.4616121], [9.7391734, 36.4507439], [9.7113377, 36.440411], [9.6981918, 36.446051], [9.6820107, 36.4409171], [9.6752409, 36.4346033], [9.655636, 36.42733], [9.652478, 36.41086], [9.6475093, 36.412284], [9.6425648, 36.4212234], [9.6290059, 36.4260525], [9.6083612, 36.424481], [9.5883626, 36.4285384], [9.5830411, 36.4249299], [9.5692438, 36.4259831], [9.5646948, 36.4372911], [9.5522493, 36.4435228], [9.5406622, 36.4438162], [9.5312423, 36.4548109], [9.5093984, 36.4638368], [9.5022101, 36.4586941], [9.4841642, 36.4585906], [9.4633073, 36.4496503], [9.452836, 36.4596778], [9.4304127, 36.4624908], [9.3955017, 36.4421768], [9.3811978, 36.4403222], [9.3728937, 36.4433257], [9.3611924, 36.4392984], [9.3620147, 36.419104], [9.3492903, 36.4053584], [9.3406858, 36.4031132], [9.3449987, 36.3943566], [9.3425207, 36.3905922], [9.3232088, 36.3761332], [9.286403, 36.3598173], [9.2754596, 36.3386636], [9.2700737, 36.3354486], [9.2576926, 36.3664871], [9.2459123, 36.3741239], [9.2427129, 36.3698119], [9.1937292, 36.3716619], [9.1801251, 36.3830124], [9.1729796, 36.3844117], [9.1468657, 36.3740462], [9.1315635, 36.3635855], [9.1133674, 36.3657108], [9.1106423, 36.3706178], [9.1140552, 36.3715261], [9.1162007, 36.3835705], [9.1119455, 36.3966439], [9.09839, 36.4035421], [9.0861162, 36.4027304], [9.0817603, 36.4067543], [9.090279, 36.4124531], [9.0888628, 36.4194983], [9.067099, 36.4352808], [9.0334296, 36.4440467], [9.0178943, 36.4564911], [9.016151, 36.4634208]]]}}, {"id": "13", "type": "Feature", "properties": {"shapeID": "13205935B85172640982228", "shapeName": "Tataouine"}, "geometry": {"type": "Polygon", "coordinates": [[[8.35683, 32.502602], [9.2112614, 32.6489151], [9.4715422, 32.7068501], [9.5216768, 32.7288522], [9.559543, 32.7549902], [9.5661927, 32.7533092], [9.570505, 32.7584828], [9.5896758, 32.7611877], [9.5968886, 32.7552984], [9.6133895, 32.7679656], [9.6409482, 32.776812], [9.6495993, 32.7731393], [9.6576553, 32.7803159], [9.6792968, 32.7833144], [9.6790617, 32.7923558], [9.7098503, 32.8006221], [9.714861, 32.7934266], [9.7253686, 32.7977479], [9.7374471, 32.7968073], [9.7430901, 32.7959325], [9.7499783, 32.7876078], [9.7576278, 32.7912857], [9.7683271, 32.7866987], [9.7745688, 32.7688361], [9.7803195, 32.7689083], [9.7839673, 32.7608969], [9.7911771, 32.7571436], [9.807442, 32.7216956], [9.8281272, 32.7270389], [9.8397143, 32.7175795], [9.8417786, 32.703426], [9.8608902, 32.7020213], [9.8707693, 32.6928451], [9.901003, 32.6830711], [9.904774, 32.6785939], [9.9018987, 32.6707911], [9.91107, 32.665721], [9.914204, 32.658467], [9.9349678, 32.647563], [9.950511, 32.6476366], [9.9586327, 32.6514257], [9.9640401, 32.6599528], [9.9630933, 32.6849366], [9.9127348, 32.7095454], [9.8988302, 32.722544], [9.8975427, 32.7281039], [9.8798616, 32.7351797], [9.89543, 32.7400198], [9.9023926, 32.7520106], [9.9234207, 32.7635223], [9.924204, 32.7801149], [9.91269, 32.79411], [9.9123349, 32.8108327], [9.92931, 32.81953], [9.9431382, 32.8151838], [9.97139, 32.85563], [9.9432, 32.88879], [9.94077, 32.91761], [9.9328406, 32.9229063], [9.9382479, 32.9340728], [9.9309618, 32.94156], [9.93648, 32.95193], [9.9635471, 32.9614223], [9.9959945, 32.9639848], [10.0116637, 32.977276], [10.0039972, 32.9886138], [9.9950831, 32.992976], [9.9770374, 32.9964346], [9.9628349, 32.9926749], [9.9366345, 33.0035513], [9.9273806, 33.0337431], [9.9168815, 33.0468114], [9.9097949, 33.0512298], [9.89866, 33.048], [9.89355, 33.05226], [9.8965, 33.06525], [9.9136615, 33.0657723], [9.9203975, 33.0620023], [9.9231565, 33.0527023], [9.9419965, 33.0463123], [9.9495045, 33.0488323], [9.9601695, 33.0665623], [10.0128805, 33.0603623], [10.0317235, 33.0655223], [10.0654345, 33.0610823], [10.0724635, 33.0634523], [10.0831295, 33.0596223], [10.0933555, 33.0764223], [10.0999825, 33.0806223], [10.1100445, 33.0826723], [10.1148705, 33.0798723], [10.1355025, 33.0884923], [10.1443255, 33.0813423], [10.1604785, 33.0809823], [10.1866015, 33.0935823], [10.2451801, 33.1365917], [10.2898995, 33.1535321], [10.3067445, 33.1540221], [10.3095955, 33.1593821], [10.3231235, 33.1661521], [10.3535065, 33.1701121], [10.3583285, 33.1662921], [10.3662845, 33.1682321], [10.3766675, 33.1790021], [10.3939485, 33.1839121], [10.4057855, 33.1942121], [10.4526405, 33.209742], [10.4908415, 33.234752], [10.4905695, 33.214712], [10.6139085, 33.2037121], [10.6090525, 33.1969821], [10.5704725, 33.1719821], [10.5663655, 33.1595821], [10.5471185, 33.1511221], [10.5292715, 33.1525821], [10.5235355, 33.1488622], [10.5493775, 33.1186022], [10.5590475, 33.1121822], [10.6474105, 33.1048322], [10.7019945, 33.0961623], [10.7287725, 33.0957623], [10.7420765, 33.1022222], [10.7585195, 33.0953823], [10.7727715, 33.0970122], [10.8110805, 33.0932523], [10.8228015, 33.0887023], [10.8551665, 33.0889723], [10.8721795, 33.0825623], [10.8846375, 33.0915723], [10.8922785, 33.0893023], [10.8976225, 33.0932823], [11.0058915, 33.0790123], [11.0162955, 33.0898123], [11.0363455, 33.0950723], [11.0335485, 33.0534923], [11.0215755, 33.0345124], [11.0379405, 33.0223824], [11.0398435, 32.9963624], [11.0925735, 32.9132526], [11.0940245, 32.9011726], [11.1152505, 32.8658827], [11.1097045, 32.8149828], [11.1216815, 32.7753128], [11.1266885, 32.7176629], [11.0848235, 32.675613], [11.0963965, 32.6586831], [11.1444505, 32.5330133], [11.2022765, 32.4081335], [11.2216285, 32.3876935], [11.2257355, 32.3767436], [11.3255375, 32.3984935], [11.3419785, 32.3875635], [11.3359695, 32.3815636], [11.3353625, 32.3730436], [11.3159415, 32.3649436], [11.3086755, 32.3565036], [11.2878715, 32.3521536], [11.2566585, 32.3299936], [11.2236035, 32.3214637], [11.2009075, 32.3095837], [11.1812126, 32.3062598], [11.1552927, 32.2499202], [11.029167, 32.199722], [10.9879363, 32.1716625], [10.8614297, 32.1052972], [10.860977, 32.0856394], [10.7951405, 31.9981439], [10.7591903, 31.9845111], [10.7472512, 31.9853154], [10.7222897, 31.9676671], [10.7077813, 31.9680863], [10.6794806, 31.9767745], [10.6581517, 31.9777028], [10.6563493, 31.9741352], [10.6472298, 31.9742626], [10.6512638, 31.9736073], [10.6489464, 31.9691112], [10.6406208, 31.9678188], [10.6475945, 31.9662533], [10.6443973, 31.961065], [10.6396981, 31.9610104], [10.6393763, 31.9569506], [10.6344195, 31.9611197], [10.6328102, 31.9575696], [10.6387111, 31.9520532], [10.6348058, 31.9518165], [10.6333037, 31.9444607], [10.6426378, 31.9441147], [10.6338831, 31.941602], [10.6385823, 31.9395262], [10.6343552, 31.9355019], [10.6380459, 31.9330617], [10.6332394, 31.9319873], [10.6302782, 31.939162], [10.6265231, 31.9334805], [10.6307717, 31.9316231], [10.6246777, 31.9284908], [10.6312438, 31.9284726], [10.61264, 31.916343], [10.6238624, 31.9161427], [10.613169, 31.9092415], [10.6275027, 31.8999695], [10.6349485, 31.8792545], [10.6181042, 31.8500597], [10.5849521, 31.8241193], [10.5631511, 31.7971503], [10.5615847, 31.7794402], [10.5268448, 31.7408347], [10.5082624, 31.7427325], [10.4989069, 31.754155], [10.4928987, 31.7508525], [10.4862039, 31.7390646], [10.4691236, 31.7319655], [10.448417, 31.73025], [10.4442327, 31.735579], [10.4379671, 31.7328598], [10.4344051, 31.7378601], [10.420758, 31.7358162], [10.3861468, 31.7404697], [10.3118174, 31.7030711], [10.2762621, 31.6723962], [10.2670567, 31.6471549], [10.2123397, 31.5660331], [10.1801532, 31.5375626], [10.1390403, 31.4900923], [10.1339119, 31.4787471], [10.1369547, 31.4632494], [10.1504115, 31.4421806], [10.1535872, 31.416822], [10.1662687, 31.3769851], [10.19779, 31.3062812], [10.2037123, 31.2837833], [10.2251056, 31.2456512], [10.2457694, 31.1978681], [10.2621416, 31.1869465], [10.2569274, 31.1691756], [10.2656821, 31.121813], [10.294135, 31.09126], [10.2751449, 31.0408067], [10.284715, 30.9550392], [10.2971176, 30.9075516], [10.3055934, 30.8949947], [10.2930835, 30.8775375], [10.2848438, 30.8351889], [10.2720765, 30.8005077], [10.2190116, 30.704341], [10.2018992, 30.6935382], [10.13037, 30.5981144], [10.0696019, 30.5083647], [10.0171164, 30.4792434], [10.0070957, 30.4697748], [9.9810568, 30.4254894], [9.9692551, 30.4200124], [9.9542776, 30.4032836], [9.9441496, 30.3834237], [9.8775021, 30.3369323], [9.8317543, 30.3372471], [9.6683112, 30.2751874], [9.6079937, 30.2423447], [9.558453, 30.230236], [9.1974832, 31.6362683], [9.09846, 31.999438], [9.065308, 32.087376], [8.800322, 32.236214], [8.35683, 32.502602]]]}}, {"id": "14", "type": "Feature", "properties": {"shapeID": "13205935B69181748376292", "shapeName": "Gab\u00e8s"}, "geometry": {"type": "Polygon", "coordinates": [[[9.7110985, 34.2815026], [9.7548977, 34.2201309], [9.8186366, 34.2204394], [9.8159883, 34.2292721], [9.8252273, 34.238065], [9.8519539, 34.2277013], [9.8544574, 34.2157947], [9.8652235, 34.2068319], [9.8635984, 34.1986701], [9.8916221, 34.1791278], [9.8969458, 34.168335], [9.9221529, 34.1783333], [9.9237582, 34.1814179], [9.917561, 34.1857355], [9.9221808, 34.189571], [9.9220295, 34.1965624], [9.9342956, 34.2061961], [9.9491252, 34.205498], [9.9659205, 34.211135], [9.982449, 34.1970061], [10.001144, 34.1882382], [10.0110091, 34.1932257], [10.016505, 34.1909006], [10.0155279, 34.1685337], [10.026453, 34.1514797], [10.0231359, 34.119894], [10.0197492, 34.1189001], [10.0246284, 34.1162011], [10.0222753, 34.1116223], [10.027274, 34.0915873], [10.0252109, 34.0869784], [10.0370969, 34.0357314], [10.0570861, 33.9810715], [10.0855753, 33.9307091], [10.1069333, 33.927774], [10.1130532, 33.924594], [10.0990084, 33.9275679], [10.0951508, 33.924408], [10.0965416, 33.9191517], [10.1092575, 33.9219417], [10.1035212, 33.9168503], [10.1045712, 33.9107161], [10.1128926, 33.8962343], [10.1174421, 33.8970003], [10.1204978, 33.8952289], [10.1168738, 33.8967931], [10.111837, 33.89357], [10.11898, 33.8949421], [10.1197914, 33.8881525], [10.1309262, 33.8733043], [10.1814864, 33.8245043], [10.2671537, 33.7682699], [10.2814608, 33.7471084], [10.281327, 33.7399651], [10.284257, 33.7429253], [10.2929736, 33.7404207], [10.3318727, 33.7090094], [10.3522483, 33.6980002], [10.3578364, 33.6977785], [10.3622933, 33.7026663], [10.3638467, 33.7021377], [10.3581829, 33.6978433], [10.3597066, 33.6947839], [10.4002446, 33.6706836], [10.4274214, 33.6668218], [10.4273189, 33.663953], [10.4667073, 33.6558215], [10.4803444, 33.6488099], [10.465962, 33.6489701], [10.4616006, 33.6444843], [10.4519498, 33.6467055], [10.4522727, 33.6413802], [10.4388383, 33.6326161], [10.4248369, 33.6355857], [10.4155195, 33.6301813], [10.4203305, 33.6196413], [10.4162775, 33.6094013], [10.4182545, 33.6060413], [10.4126855, 33.6055613], [10.4063625, 33.5915313], [10.3921495, 33.5933313], [10.3824945, 33.5812613], [10.3717065, 33.5751214], [10.3668085, 33.5591514], [10.3601825, 33.5546514], [10.3599605, 33.5342714], [10.3548665, 33.5248315], [10.3498525, 33.5243515], [10.3400785, 33.5124815], [10.3390255, 33.5000615], [10.3327355, 33.4898215], [10.3185415, 33.4796815], [10.3085465, 33.4796415], [10.2971525, 33.4697016], [10.2863665, 33.4525016], [10.2882895, 33.4453816], [10.2775165, 33.4292916], [10.2638285, 33.4226716], [10.2355055, 33.4174517], [10.2272735, 33.4229116], [10.2164255, 33.4235416], [10.1574965, 33.4087417], [10.1468165, 33.3993417], [10.1336595, 33.3945517], [10.1450395, 33.3875317], [10.1259645, 33.3789317], [10.1203855, 33.3724117], [10.0992525, 33.3724517], [10.0932475, 33.3612618], [10.1065545, 33.3460718], [10.0748235, 33.3265318], [10.0364435, 33.3095519], [10.0247785, 33.3128318], [10.0006735, 33.2932319], [9.9290755, 33.2995919], [9.8937645, 33.2875119], [9.8285515, 33.2848419], [9.7916315, 33.2698819], [9.7273415, 33.2864119], [9.7096404, 33.284033], [9.6749136, 33.3269904], [9.6482685, 33.350188], [9.6366928, 33.3836512], [9.6297244, 33.3912943], [9.6283509, 33.4060411], [9.6222572, 33.4192383], [9.5707758, 33.4397402], [9.5564732, 33.4513442], [9.5551376, 33.4587923], [9.5500195, 33.4625874], [9.5350906, 33.4673301], [9.5045833, 33.4922263], [9.4943694, 33.496521], [9.4882755, 33.4950895], [9.5016651, 33.5018174], [9.516798, 33.4970283], [9.5314483, 33.4974515], [9.5473876, 33.514714], [9.544846, 33.5226923], [9.5598377, 33.5541294], [9.5802484, 33.5660938], [9.5904043, 33.5837549], [9.6167702, 33.5907875], [9.5814071, 33.5942764], [9.5651949, 33.5855131], [9.5558583, 33.5888782], [9.5364498, 33.6052392], [9.5341801, 33.6160031], [9.5390195, 33.6353033], [9.5310902, 33.636586], [9.5197548, 33.6299939], [9.4636768, 33.624351], [9.4517017, 33.6684442], [9.4431247, 33.6839643], [9.4243862, 33.6936528], [9.3705881, 33.7024176], [9.3509081, 33.7106457], [9.3395892, 33.7361128], [9.3338526, 33.7728469], [9.2722055, 33.8704192], [9.2480916, 33.9292263], [9.2528231, 34.0384363], [9.2625582, 34.0531961], [9.2624831, 34.0590227], [9.2760229, 34.0658176], [9.2720382, 34.0732403], [9.2848165, 34.0789009], [9.2920477, 34.0874625], [9.3015039, 34.091959], [9.318305, 34.0912685], [9.3257296, 34.097663], [9.3275387, 34.1065507], [9.3507829, 34.113129], [9.3075227, 34.1248448], [9.3043125, 34.1325804], [9.2755819, 34.1412942], [9.2473919, 34.1854278], [9.2589102, 34.1956349], [9.2686742, 34.1958549], [9.2785892, 34.2035249], [9.3183862, 34.2205649], [9.3406182, 34.2202349], [9.3559322, 34.2246249], [9.3663052, 34.2219449], [9.3779702, 34.2291949], [9.3813782, 34.2223049], [9.4380502, 34.2103549], [9.4511502, 34.2122849], [9.4549982, 34.2175649], [9.4702552, 34.2163449], [9.4813452, 34.2282349], [9.5009672, 34.2247849], [9.5040022, 34.2279649], [9.5222602, 34.2279249], [9.5274282, 34.2342749], [9.5392992, 34.2352149], [9.5444262, 34.2394849], [9.5391532, 34.2516049], [9.5488372, 34.2605149], [9.5485844, 34.2647359], [9.6955202, 34.2826249], [9.7110985, 34.2815026]]]}}, {"id": "15", "type": "Feature", "properties": {"shapeID": "13205935B29646166511918", "shapeName": "Bizerte"}, "geometry": {"type": "MultiPolygon", "coordinates": [[[[10.0004638, 36.9180473], [9.9799057, 36.9264479], [9.9436526, 36.9146394], [9.9444337, 36.9194178], [9.9269144, 36.9532026], [9.9165074, 36.9495246], [9.8695189, 36.9579151], [9.862626, 36.9548849], [9.838809, 36.9612437], [9.8225387, 36.9716316], [9.8131614, 36.9629751], [9.8127317, 36.9402398], [9.8058388, 36.9427779], [9.7892549, 36.934243], [9.7842863, 36.9229419], [9.7792614, 36.9205525], [9.7676424, 36.8913956], [9.7399213, 36.8894833], [9.7133023, 36.9021216], [9.6921554, 36.8839378], [9.6766721, 36.8839903], [9.6546548, 36.8723733], [9.6528713, 36.86499], [9.636956, 36.8622999], [9.6348638, 36.8570389], [9.6306982, 36.8562766], [9.6275413, 36.8668581], [9.6157355, 36.8665293], [9.5824284, 36.8550903], [9.5601943, 36.8412526], [9.5483926, 36.8278912], [9.5282224, 36.8173962], [9.5169142, 36.8009895], [9.5154551, 36.786504], [9.486852, 36.7760549], [9.4755223, 36.7667389], [9.4543436, 36.7629056], [9.4325373, 36.7455065], [9.427366, 36.73292], [9.4195385, 36.7332171], [9.4009961, 36.7234013], [9.3894567, 36.7390252], [9.3669083, 36.7524771], [9.3525055, 36.7556381], [9.3449528, 36.7666203], [9.3572695, 36.7844951], [9.3598874, 36.8074513], [9.3794568, 36.8337152], [9.3899496, 36.8380774], [9.3836196, 36.8429029], [9.3845208, 36.8494452], [9.3601449, 36.8607942], [9.3399532, 36.877806], [9.3323572, 36.8780463], [9.3277438, 36.8856326], [9.3191895, 36.8815806], [9.3191681, 36.8731528], [9.3127093, 36.8714534], [9.2972383, 36.8811172], [9.2938909, 36.8922727], [9.2678213, 36.8951046], [9.2639023, 36.9000967], [9.2478642, 36.9058802], [9.2439804, 36.9128976], [9.2602441, 36.9285333], [9.2404613, 36.9447505], [9.2315779, 36.9573027], [9.2037044, 36.9703672], [9.2140255, 36.9782871], [9.2169437, 36.9995228], [9.204603, 37.01044], [9.208704, 37.0159896], [9.2066011, 37.027588], [9.1871819, 37.0506423], [9.1696081, 37.0552832], [9.1462622, 37.0541701], [9.137989, 37.04897], [9.1222725, 37.0472514], [9.1133246, 37.0508992], [9.1062651, 37.047337], [9.0955362, 37.069341], [9.0745701, 37.0820811], [9.0846766, 37.1017132], [9.0919529, 37.1071008], [9.0915979, 37.1124631], [9.1059787, 37.1168552], [9.1115926, 37.1286139], [9.0966575, 37.1361962], [9.0901344, 37.1504442], [9.0821111, 37.1570225], [9.1218629, 37.1622438], [9.1247628, 37.1689203], [9.154005, 37.1832726], [9.1717087, 37.2027728], [9.175562, 37.2025101], [9.1781554, 37.2127824], [9.1891035, 37.2235553], [9.2174238, 37.240976], [9.2199549, 37.2273555], [9.2250966, 37.2278597], [9.2235649, 37.2207589], [9.2347005, 37.2167943], [9.242829870880266, 37.21951136511496], [9.2549352, 37.2161098], [9.2597585, 37.2175127], [9.258807, 37.2211113], [9.2735831, 37.2208212], [9.2967556, 37.2318121], [9.3308094, 37.2312082], [9.3745911, 37.2488038], [9.3887821, 37.2587771], [9.3878456, 37.2641751], [9.4035994, 37.2648931], [9.4084455, 37.2695006], [9.4303043, 37.2695512], [9.443158, 37.268862], [9.456302, 37.2630315], [9.5136569, 37.2839908], [9.5359532, 37.2998196], [9.5430128, 37.2977323], [9.5607593, 37.30587], [9.573537, 37.2945055], [9.5922083, 37.2972394], [9.6244907, 37.3124871], [9.6695039, 37.3407369], [9.6750984, 37.3358513], [9.690178, 37.3392192], [9.7035211, 37.334227], [9.7449132, 37.3473794], [9.7558376, 37.347034], [9.7602258, 37.3363633], [9.7847385, 37.3276009], [9.8019813, 37.3275313], [9.8228799, 37.3363528], [9.8353765, 37.3351478], [9.8370533, 37.3386615], [9.8428951, 37.3330966], [9.8631899, 37.3343074], [9.8695634, 37.3173549], [9.8680928, 37.3037468], [9.8759632, 37.2874028], [9.8907816, 37.2783461], [9.88514, 37.278655], [9.8837389, 37.2752683], [9.8847024, 37.278356], [9.8779547, 37.2790778], [9.8751839, 37.2781965], [9.8758694, 37.2754609], [9.8784929, 37.278525], [9.8803173, 37.2731185], [9.881444, 37.2780482], [9.8830512, 37.274878], [9.8819697, 37.2730744], [9.8670539, 37.2648013], [9.8506012, 37.2619872], [9.8593059, 37.2572238], [9.8426649, 37.2546106], [9.8420816, 37.2491017], [9.8345949, 37.2459309], [9.8335123, 37.249803], [9.8268877, 37.2440566], [9.8193041, 37.2447635], [9.8241435, 37.237178], [9.8173083, 37.238483], [9.8135179, 37.2445465], [9.8047768, 37.2384409], [9.7977248, 37.24003], [9.7918985, 37.2359588], [9.7772029, 37.2393768], [9.7816465, 37.2368366], [9.779008, 37.233861], [9.7804765, 37.2188227], [9.7705661, 37.2235116], [9.7676126, 37.2173653], [9.7749634, 37.2137208], [9.7748662, 37.2042164], [9.7768116, 37.2060019], [9.7784041, 37.204707], [9.7761376, 37.2029236], [9.7848031, 37.2023527], [9.7858411, 37.2095388], [9.7875241, 37.201564], [9.7824924, 37.1807887], [9.7909203, 37.1730259], [9.8034096, 37.1701159], [9.8011382, 37.1678192], [9.8133236, 37.1600306], [9.8097759, 37.1603978], [9.8078208, 37.1525305], [9.8106352, 37.1518808], [9.8067129, 37.1485585], [9.8127398, 37.1420505], [9.8646437, 37.1348749], [9.8856662, 37.1491061], [9.9127157, 37.1567366], [9.9242959, 37.1720605], [9.9380974, 37.2107429], [9.9393469, 37.2079072], [9.9376914, 37.2169115], [9.9312025, 37.2246696], [9.8846227, 37.2247698], [9.8827327, 37.2279945], [9.8612568, 37.2322631], [9.853522, 37.2301359], [9.8542956, 37.2275613], [9.8432393, 37.2299527], [9.8357741, 37.2230693], [9.8213444, 37.2254825], [9.8230147, 37.2313793], [9.8297428, 37.2296622], [9.8378265, 37.2343583], [9.8375819, 37.2412961], [9.8669799, 37.2526654], [9.8706974, 37.2637175], [9.8790643, 37.2688237], [9.8841272, 37.2714388], [9.8829422, 37.2685179], [9.8884043, 37.2682949], [9.8904083, 37.2751892], [9.8888523, 37.2693108], [9.8914573, 37.2704411], [9.8959025, 37.2688158], [9.8919715, 37.270184], [9.889737, 37.2668938], [9.8930754, 37.2651018], [9.8944342, 37.2688028], [9.8931671, 37.2640169], [9.9069013, 37.2577011], [9.9764671, 37.2471683], [10.0170136, 37.2514509], [10.0680193, 37.2690494], [10.0702346, 37.258882], [10.0854526, 37.24174], [10.1244611, 37.2375059], [10.1490588, 37.2281508], [10.167808, 37.2148662], [10.1946589, 37.2066348], [10.1923748, 37.2043459], [10.2085665, 37.1971246], [10.2087593, 37.1913187], [10.2149115, 37.1863682], [10.2793775, 37.1816581], [10.2812535, 37.1772589], [10.25587, 37.1723522], [10.2318755, 37.1500596], [10.2304858, 37.1561132], [10.2301801, 37.1518828], [10.2269103, 37.1559214], [10.2209077, 37.1544882], [10.2230753, 37.1650871], [10.2193974, 37.1695076], [10.1615373, 37.1675758], [10.1501734, 37.1632593], [10.134922, 37.1422291], [10.1392144, 37.139619], [10.1356733, 37.1368953], [10.1418878, 37.1365995], [10.1421161, 37.1298292], [10.1578843, 37.1251241], [10.1761548, 37.124703], [10.1815693, 37.1291857], [10.1746819, 37.1194922], [10.1912386, 37.1112114], [10.2148697, 37.1123298], [10.2062525, 37.1409187], [10.2134252, 37.1484088], [10.2095224, 37.1481986], [10.2197207, 37.1539446], [10.2106915, 37.1408346], [10.2163217, 37.1111957], [10.1805093, 37.1065936], [10.169611, 37.1110697], [10.1618374, 37.1088666], [10.156784, 37.1151625], [10.1312379, 37.1075614], [10.1305604, 37.1118092], [10.1236921, 37.113607], [10.0940329, 37.0950447], [10.0884185, 37.0837354], [10.0945115, 37.0654593], [10.0905113, 37.0510602], [10.0785727, 37.0349805], [10.0745187, 37.0194695], [10.0675674, 37.014217], [10.0660461, 37.0066603], [10.0290985, 36.9840075], [10.0280288, 36.9698375], [10.018699, 36.9668339], [10.0239948, 36.9625819], [10.0219005, 36.9506136], [10.0061461, 36.9379028], [10.0098273, 36.9351076], [10.0158784, 36.9372344], [10.0269935, 36.921471], [10.0151274, 36.914626], [10.0098273, 36.9255193], [10.004184, 36.9285212], [9.9992561, 36.9245486], [10.0004638, 36.9180473]]], [[[9.7828823, 37.2185498], [9.7861934, 37.2214216], [9.7843873, 37.2245925], [9.7996254, 37.2374483], [9.8098679, 37.233782], [9.7989369, 37.2179289], [9.7862155, 37.2146743], [9.7828823, 37.2185498]]], [[[8.8985942, 37.5190551], [8.9115211, 37.5300386], [8.9359887, 37.5323931], [8.9413748, 37.5420263], [8.9476641, 37.5407249], [8.9484729, 37.5356115], [8.9586517, 37.5272214], [8.9511254, 37.5164237], [8.9382595, 37.5242455], [8.9122294, 37.5136941], [8.9035065, 37.5144726], [8.8985942, 37.5190551]]]]}}, {"id": "16", "type": "Feature", "properties": {"shapeID": "13205935B58390004509121", "shapeName": "Ariana"}, "geometry": {"type": "Polygon", "coordinates": [[[10.2521565, 36.9431568], [10.2498025, 36.939974], [10.2558474, 36.9281638], [10.269367, 36.9176019], [10.2775511, 36.9062802], [10.2758179, 36.9042641], [10.2849263, 36.9011948], [10.282825, 36.8937633], [10.2765646, 36.8907633], [10.2804887, 36.8851848], [10.2714837, 36.8750383], [10.2886402, 36.8671993], [10.2804256, 36.8627336], [10.243962, 36.8616644], [10.2311212, 36.8568708], [10.2350068, 36.8710518], [10.2325118, 36.8712245], [10.2143318, 36.859857], [10.2125997, 36.8485467], [10.1907677, 36.8510022], [10.1693601, 36.8404986], [10.1519558, 36.8522241], [10.1405219, 36.854453], [10.1167241, 36.8445416], [10.1149563, 36.8275308], [10.1049061, 36.821974], [10.0751065, 36.86418], [10.0759078, 36.8723908], [10.0547649, 36.8707749], [10.0395312, 36.8539063], [10.0375063, 36.8563703], [10.025278, 36.8479535], [10.0198684, 36.8513781], [9.9892477, 36.8522113], [9.9810309, 36.8383586], [9.9632889, 36.8435494], [9.9789146, 36.8466389], [9.9756311, 36.858832], [9.9908743, 36.8580173], [9.9980253, 36.8707462], [9.9969549, 36.8772236], [10.0050165, 36.8809186], [10.0043819, 36.8902669], [10.0112037, 36.8970608], [10.0004638, 36.9180473], [10.00055, 36.9274775], [10.0098273, 36.9255193], [10.0151274, 36.914626], [10.0269935, 36.921471], [10.0158784, 36.9372344], [10.0098273, 36.9351076], [10.0061461, 36.9379028], [10.0219005, 36.9506136], [10.0239948, 36.9625819], [10.018699, 36.9668339], [10.0280288, 36.9698375], [10.0290985, 36.9840075], [10.0660461, 37.0066603], [10.0675674, 37.014217], [10.0745187, 37.0194695], [10.0785727, 37.0349805], [10.0905113, 37.0510602], [10.0945115, 37.0654593], [10.088904, 37.086335], [10.0940329, 37.0950447], [10.1160761, 37.1063411], [10.1199542, 37.112601], [10.1305604, 37.1118092], [10.1312379, 37.1075614], [10.156784, 37.1151625], [10.1618374, 37.1088666], [10.169611, 37.1110697], [10.1805093, 37.1065936], [10.2163217, 37.1111957], [10.2076056, 37.0964378], [10.2154614, 37.1108251], [10.1988155, 37.1038372], [10.1874558, 37.0928826], [10.2045266, 37.099926], [10.1935879, 37.0930457], [10.1963231, 37.0892293], [10.1928684, 37.0917253], [10.1807995, 37.0769435], [10.1780752, 37.0452336], [10.2057888, 36.9812861], [10.2244191, 36.9623021], [10.2521565, 36.9431568]]]}}, {"id": "17", "type": "Feature", "properties": {"shapeID": "13205935B21712567795690", "shapeName": "Nabeul"}, "geometry": {"type": "MultiPolygon", "coordinates": [[[[10.3528193, 36.477916], [10.3399973, 36.4980631], [10.3442459, 36.5134825], [10.354567, 36.5159658], [10.3480868, 36.5339334], [10.3604893, 36.5408641], [10.3787415, 36.5439911], [10.3799729, 36.5655475], [10.3626995, 36.5825214], [10.3372185, 36.5742331], [10.3323047, 36.5769558], [10.3437845, 36.591498], [10.3720544, 36.6149248], [10.374299, 36.62837], [10.3668086, 36.6358486], [10.3730532, 36.6391735], [10.3653066, 36.6451633], [10.3915279, 36.644819], [10.3978403, 36.696515], [10.4178914, 36.7124307], [10.4176071, 36.7166111], [10.4611671, 36.7274106], [10.4823386, 36.7404707], [10.5369418, 36.7575037], [10.5403533, 36.7665365], [10.5508574, 36.7717873], [10.5546551, 36.793413], [10.5623763, 36.7974416], [10.5682849, 36.8207289], [10.5656637, 36.8249576], [10.5718259, 36.8397673], [10.5693381, 36.8431398], [10.5822676, 36.8501612], [10.5857445, 36.8637301], [10.5998613, 36.8661098], [10.6124938, 36.8739024], [10.60915, 36.8821683], [10.624687, 36.8759194], [10.6587625, 36.8843116], [10.6720424, 36.8784375], [10.6938064, 36.8782938], [10.7586707, 36.9053203], [10.7965352, 36.9365098], [10.8187177, 36.9453535], [10.8649891, 36.9755942], [10.874213, 36.9773092], [10.8735416, 36.9818772], [10.8800672, 36.9830698], [10.8852098, 36.9920711], [10.8926867, 36.9943538], [10.8933162, 37.0020679], [10.9003497, 37.0063043], [10.8988576, 37.010695], [10.9119012, 37.0071461], [10.9148058, 37.0185907], [10.9109635, 37.0211991], [10.909347, 37.01879], [10.9071302, 37.019175], [10.9097456, 37.0210412], [10.9060829, 37.0223849], [10.9111641, 37.023694], [10.9044528, 37.0280109], [10.909822, 37.0328667], [10.9039938, 37.0368134], [10.9096946, 37.0405749], [10.9041605, 37.0434895], [10.9086835, 37.044958], [10.9055253, 37.0468068], [10.9078575, 37.0503655], [10.9137582, 37.0461791], [10.923868, 37.0461121], [10.9325405, 37.0517432], [10.9383141, 37.0495635], [10.962106, 37.054594], [10.966775, 37.0499841], [10.9745983, 37.0497939], [10.9860422, 37.0580571], [11.0163673, 37.0666018], [11.0382908, 37.0787492], [11.0351674, 37.0887048], [11.0477979, 37.0819074], [11.046615, 37.0776944], [11.0580646, 37.0730913], [11.0598898, 37.0636878], [11.0749847, 37.0510035], [11.0720571, 37.0464489], [11.0743745, 37.0441436], [11.0632801, 37.0411149], [11.0584936, 37.0320052], [11.0595569, 37.0088471], [11.0987376, 36.9565025], [11.1069239, 36.9032815], [11.1176498, 36.8889978], [11.1367316, 36.8747793], [11.1298137, 36.8553206], [11.1191842, 36.8358361], [11.1129909, 36.8318456], [11.1074752, 36.8323445], [11.1145472, 36.8328939], [11.1083684, 36.8370415], [11.0975265, 36.8359879], [11.0546621, 36.8128992], [11.023109, 36.7870414], [10.972038, 36.7258647], [10.8739626, 36.5817532], [10.8085262, 36.4568353], [10.7996595, 36.4555024], [10.7967709, 36.450453], [10.7988377, 36.4548659], [10.7955368, 36.4509654], [10.7860438, 36.4537462], [10.7666436, 36.4504076], [10.7505858, 36.4425979], [10.7240457, 36.4397389], [10.6946546, 36.4303913], [10.673318, 36.420281], [10.6555361, 36.4054262], [10.6296306, 36.3996765], [10.6165725, 36.3921515], [10.5998295, 36.4032843], [10.5757269, 36.3978004], [10.554975, 36.3835492], [10.546953, 36.3690309], [10.5491898, 36.3739905], [10.544922, 36.3768371], [10.5432776, 36.3762053], [10.5466256, 36.3709495], [10.5418853, 36.3697057], [10.5295862, 36.3527543], [10.5226958, 36.3565312], [10.5318501, 36.370385], [10.5064884, 36.3917716], [10.4746774, 36.3534766], [10.4545829, 36.3678683], [10.4257688, 36.3769865], [10.4015356, 36.3778608], [10.3878507, 36.3843272], [10.3672895, 36.3828708], [10.3553035, 36.4027652], [10.3546319, 36.4124285], [10.3444156, 36.4234785], [10.3440937, 36.43401], [10.3474626, 36.4366512], [10.3449091, 36.4447126], [10.3515533, 36.4532736], [10.3455451, 36.4668727], [10.3528193, 36.477916]]], [[[10.7889261, 37.1258498], [10.8023854, 37.1358101], [10.8062251, 37.1431465], [10.8141967, 37.1276124], [10.8192846, 37.1257364], [10.8196033, 37.1185829], [10.7948697, 37.1159449], [10.7889261, 37.1258498]]]]}}, {"id": "18", "type": "Feature", "properties": {"shapeID": "13205935B50453639335401", "shapeName": "Monastir"}, "geometry": {"type": "MultiPolygon", "coordinates": [[[[10.6133015, 35.4745184], [10.6085323, 35.4960947], [10.595718, 35.4967681], [10.5834911, 35.5023503], [10.5604757, 35.4975782], [10.5551773, 35.4929814], [10.5507541, 35.4877793], [10.5593729, 35.4770128], [10.5577786, 35.4745528], [10.5457195, 35.4804391], [10.5512815, 35.4732642], [10.5428066, 35.4781061], [10.5466425, 35.4723661], [10.5378918, 35.4706576], [10.5331722, 35.4815557], [10.5277271, 35.4848951], [10.5291647, 35.482746], [10.5127483, 35.4835275], [10.5079001, 35.4787093], [10.5030606, 35.4831442], [10.4999493, 35.4815716], [10.4933384, 35.5327455], [10.4999852, 35.5568408], [10.5389199, 35.5716811], [10.5230783, 35.592269], [10.5318949, 35.6095366], [10.5595679, 35.6283387], [10.5690166, 35.6498248], [10.5774016, 35.64082], [10.5937185, 35.6482377], [10.6187134, 35.6364226], [10.6468958, 35.6641001], [10.6468478, 35.6726425], [10.6252778, 35.685634], [10.6381872, 35.6933363], [10.6335769, 35.6999347], [10.6422634, 35.7145637], [10.630611, 35.7215087], [10.6233734, 35.7330247], [10.6343606, 35.733846], [10.6442409, 35.7429978], [10.6680211, 35.7416278], [10.667502, 35.7487596], [10.6756635, 35.7571569], [10.6698717, 35.7715196], [10.68547607424491, 35.78745221517459], [10.7269688, 35.7671955], [10.7464588, 35.7651484], [10.7755402, 35.7743012], [10.7805739, 35.7800536], [10.7948514, 35.7787745], [10.8064565, 35.7850652], [10.8303129, 35.7799615], [10.8345858, 35.7879732], [10.8338859, 35.7815554], [10.8374478, 35.7783145], [10.8315048, 35.7798467], [10.8436497, 35.7685587], [10.8397963, 35.7565891], [10.8381056, 35.7591257], [10.8307608, 35.7543038], [10.8315749, 35.7423644], [10.825537, 35.7457426], [10.8254726, 35.7375906], [10.822737, 35.7402306], [10.8199781, 35.7305659], [10.8243692, 35.7216976], [10.8200262, 35.7208823], [10.824751, 35.7166924], [10.8168796, 35.7210872], [10.83293, 35.6975626], [10.8579536, 35.6841745], [10.8732057, 35.6832961], [10.8870688, 35.6743314], [10.8944477, 35.6764296], [10.8926775, 35.6731221], [10.9453753, 35.6596512], [10.9581611, 35.6616307], [10.9551266, 35.6605217], [10.9546664, 35.6580513], [10.9573997, 35.6610853], [10.9614177, 35.6558311], [10.9813901, 35.6545621], [10.985841, 35.6464049], [10.9936859, 35.6448704], [11.0034037, 35.6366663], [11.0271908, 35.6349286], [11.0498596, 35.6242527], [11.045356, 35.6170005], [11.0446578, 35.6040599], [11.0329277, 35.580668], [11.0307153, 35.5544427], [11.0272597, 35.5573596], [11.0127433, 35.5523652], [11.0111436, 35.5563853], [11.000851, 35.5556142], [11.0000892, 35.5524487], [10.995477, 35.5553723], [10.9907992, 35.5517761], [10.9947723, 35.5442243], [10.992209, 35.5422232], [10.9582024, 35.5406907], [10.9548032, 35.5356325], [10.9513797, 35.5428823], [10.9373996, 35.5425651], [10.9289245, 35.5292514], [10.9215062, 35.5297033], [10.9218841, 35.5236263], [10.9158994, 35.5180211], [10.9242816, 35.507836], [10.9104236, 35.5040654], [10.8936219, 35.5068086], [10.8761536, 35.4966103], [10.8733702, 35.498915], [10.8671586, 35.4868484], [10.8590598, 35.4831928], [10.8516496, 35.4868165], [10.8473342, 35.4835854], [10.8396569, 35.4680103], [10.8440266, 35.4669666], [10.8432844, 35.4639897], [10.8372411, 35.4562755], [10.8469193, 35.4512766], [10.8428668, 35.4373108], [10.8258777, 35.4352948], [10.8251721, 35.4301889], [10.8153144, 35.4332111], [10.8085236, 35.4230213], [10.7998726, 35.4230278], [10.797143, 35.4287095], [10.7813444, 35.4272069], [10.7815728, 35.4348053], [10.7755856, 35.4348377], [10.7775365, 35.4402157], [10.7667504, 35.4489554], [10.75966, 35.4497767], [10.7535529, 35.4637316], [10.7308648, 35.4745039], [10.7355207, 35.4873622], [10.7180116, 35.4892643], [10.7121211, 35.4751993], [10.6979292, 35.4794926], [10.6973572, 35.4735011], [10.6889289, 35.4760239], [10.6836806, 35.4716455], [10.6841942, 35.4775413], [10.6771965, 35.4772178], [10.6723361, 35.4847379], [10.6609596, 35.4772793], [10.640159, 35.4859131], [10.6381274, 35.5002085], [10.6210741, 35.4855552], [10.616963, 35.4743709], [10.6133015, 35.4745184]]], [[[11.0203078, 35.7918033], [11.0337425, 35.8054501], [11.0406713, 35.8050757], [11.0464565, 35.7970129], [11.0361995, 35.7905075], [11.0257493, 35.7887568], [11.0203078, 35.7918033]]]]}}, {"id": "19", "type": "Feature", "properties": {"shapeID": "13205935B74205220895681", "shapeName": "Siliana"}, "geometry": {"type": "Polygon", "coordinates": [[[9.01244, 35.7011058], [9.0208407, 35.6928187], [9.0302609, 35.6915575], [9.0455956, 35.6805031], [9.0370371, 35.7028412], [9.0343867, 35.730158], [9.0177006, 35.762461], [9.0228533, 35.7638014], [9.0384672, 35.7840342], [9.0313798, 35.8081504], [9.0383655, 35.8167217], [9.0165592, 35.8379866], [9.0300561, 35.8354642], [9.0422441, 35.8414656], [9.0454198, 35.8514319], [9.051149, 35.8526842], [9.0356136, 35.8500927], [9.0255285, 35.8525103], [9.0310861, 35.857606], [9.0305282, 35.8643186], [9.0418578, 35.8722304], [9.0554405, 35.8969344], [9.0790179, 35.8941809], [9.099616, 35.91129], [9.1025286, 35.9193599], [9.0978938, 35.927718], [9.0982761, 35.9458734], [9.1125989, 35.962389], [9.1160722, 35.9772778], [9.1397571, 35.9864125], [9.1690082, 36.0055201], [9.1574061, 36.0119593], [9.1707558, 36.0233544], [9.1618641, 36.0332534], [9.1550654, 36.0314481], [9.153279, 36.03421], [9.1537257, 36.0418818], [9.1636177, 36.0586231], [9.1557427, 36.0682673], [9.1559573, 36.0750314], [9.1604848, 36.0791763], [9.1578067, 36.0848288], [9.1421486, 36.0919], [9.1339202, 36.1010591], [9.121625, 36.1024461], [9.1106601, 36.1196079], [9.0913523, 36.1151277], [9.0649164, 36.1337772], [9.043094, 36.1371565], [9.0356267, 36.1482638], [9.0321505, 36.1587806], [9.03803, 36.1781644], [9.0354706, 36.1843558], [9.056123, 36.2026988], [9.0346563, 36.2170649], [9.0374609, 36.2266437], [9.0436686, 36.2316746], [9.0402567, 36.2395496], [8.9999258, 36.2397037], [8.9962973, 36.2512677], [8.9832691, 36.2622816], [8.986307, 36.2638724], [8.9811637, 36.2666661], [8.9786517, 36.2788575], [8.9733439, 36.2811315], [8.9686609, 36.290972], [8.9555042, 36.2953984], [8.9623853, 36.3037452], [8.9516988, 36.3036058], [8.9452718, 36.3094124], [8.9439692, 36.3141775], [8.953288, 36.3153927], [8.9467313, 36.3200965], [8.9577026, 36.327317], [8.956461, 36.3309315], [8.9612988, 36.3306746], [8.9601312, 36.3368013], [8.9666447, 36.3328388], [8.9663242, 36.341445], [8.9770447, 36.336588], [8.9738069, 36.3418913], [8.9821604, 36.340257], [8.9806717, 36.345849], [8.9873419, 36.3480433], [8.9789312, 36.3553441], [8.9820393, 36.3591269], [8.9727744, 36.3648423], [8.9778933, 36.3765502], [8.9668339, 36.3840006], [8.9633218, 36.3985717], [8.9599596, 36.3987272], [8.9612465, 36.4036946], [8.9555822, 36.4028251], [8.9556477, 36.4087242], [8.9412759, 36.4131823], [8.9383358, 36.4192901], [8.932803, 36.4204239], [8.9279839, 36.4297333], [8.9286216, 36.437824], [8.9244603, 36.4414393], [8.9313971, 36.4440017], [8.9300031, 36.4501562], [8.9354782, 36.4490823], [8.9354347, 36.4521412], [8.9630056, 36.4599773], [8.9846564, 36.45996], [8.9982176, 36.465258], [9.016151, 36.4634208], [9.0178943, 36.4564911], [9.0334296, 36.4440467], [9.067099, 36.4352808], [9.0888628, 36.4194983], [9.090279, 36.4124531], [9.0817603, 36.4067543], [9.0861162, 36.4027304], [9.09839, 36.4035421], [9.1119455, 36.3966439], [9.1162007, 36.3835705], [9.1140552, 36.3715261], [9.1106423, 36.3706178], [9.1133674, 36.3657108], [9.1315635, 36.3635855], [9.1468657, 36.3740462], [9.1729796, 36.3844117], [9.1801251, 36.3830124], [9.1937292, 36.3716619], [9.2427129, 36.3698119], [9.2459123, 36.3741239], [9.2576926, 36.3664871], [9.2700737, 36.3354486], [9.2754596, 36.3386636], [9.286403, 36.3598173], [9.3232088, 36.3761332], [9.3425207, 36.3905922], [9.3449987, 36.3943566], [9.3406858, 36.4031132], [9.3492903, 36.4053584], [9.3620147, 36.419104], [9.3611924, 36.4392984], [9.3728937, 36.4433257], [9.3811978, 36.4403222], [9.3955017, 36.4421768], [9.4304127, 36.4624908], [9.452836, 36.4596778], [9.4633073, 36.4496503], [9.4841642, 36.4585906], [9.5022101, 36.4586941], [9.5093984, 36.4638368], [9.5312423, 36.4548109], [9.5406622, 36.4438162], [9.5522493, 36.4435228], [9.5646948, 36.4372911], [9.5692438, 36.4259831], [9.5830411, 36.4249299], [9.5883626, 36.4285384], [9.6083612, 36.424481], [9.6290059, 36.4260525], [9.6425648, 36.4212234], [9.6475093, 36.412284], [9.652478, 36.41086], [9.655636, 36.42733], [9.6752409, 36.4346033], [9.6820107, 36.4409171], [9.6981918, 36.446051], [9.7113377, 36.440411], [9.7391734, 36.4507439], [9.7477878, 36.4498228], [9.745159, 36.4468768], [9.754021, 36.4429412], [9.7538708, 36.4374346], [9.7494505, 36.436934], [9.7539352, 36.4330325], [9.7500084, 36.4288718], [9.7542142, 36.4177525], [9.7609304, 36.4129693], [9.7610162, 36.4101891], [9.751017, 36.407426], [9.757862, 36.3863716], [9.756081, 36.3638083], [9.7546218, 36.3564125], [9.7343873, 36.3497936], [9.7166418, 36.333754], [9.7239803, 36.3146854], [9.7039174, 36.3019415], [9.6863006, 36.299434], [9.6714305, 36.2894723], [9.6366984, 36.2886197], [9.6181958, 36.267536], [9.5962875, 36.2612556], [9.594528, 36.2569819], [9.5976608, 36.250147], [9.6142476, 36.2444709], [9.6151273, 36.2394348], [9.6370356, 36.2348138], [9.644181, 36.2248092], [9.6504896, 36.2243765], [9.6550815, 36.2156863], [9.6713894, 36.2172444], [9.6697157, 36.2276307], [9.673106, 36.2293963], [9.6863668, 36.2181792], [9.69819, 36.2141975], [9.7000266, 36.2098376], [9.7199542, 36.1984879], [9.7174651, 36.1884961], [9.7223574, 36.1811702], [9.7247178, 36.1635022], [9.7439653, 36.1597775], [9.7696936, 36.143924], [9.7555954, 36.1136291], [9.7532951, 36.0901154], [9.7276429, 36.07037], [9.7120217, 36.0637443], [9.7042023, 36.0502679], [9.6445373, 36.0161684], [9.6296495, 36.0038112], [9.6304976, 35.9951623], [9.6195971, 35.9900928], [9.6164213, 35.9832867], [9.5754007, 35.9517858], [9.5238025, 35.9219147], [9.5175542, 35.9123229], [9.4913108, 35.9104121], [9.487361, 35.9045004], [9.4930427, 35.8723578], [9.5176294, 35.8616161], [9.5201925, 35.8570831], [9.5149997, 35.851309], [9.523339, 35.844055], [9.5191653, 35.8271522], [9.5088243, 35.82002], [9.5093737, 35.8106893], [9.498323, 35.7952007], [9.5100121, 35.7875929], [9.483679, 35.7875537], [9.494069, 35.7804909], [9.5044331, 35.7628026], [9.5343615, 35.7519764], [9.5375802, 35.7427116], [9.5222594, 35.7382877], [9.5249202, 35.7338289], [9.5198562, 35.728882], [9.5160367, 35.7337766], [9.502454, 35.729422], [9.4782497, 35.731878], [9.4710185, 35.7273839], [9.4680144, 35.729422], [9.4696881, 35.7247013], [9.4546034, 35.7202242], [9.4568135, 35.7132555], [9.4427158, 35.7081854], [9.432974, 35.7124541], [9.412954, 35.6942104], [9.3979551, 35.6879191], [9.3607582, 35.704962], [9.3357396, 35.7012197], [9.3022657, 35.7209774], [9.2904684, 35.7224133], [9.280805, 35.721138], [9.2743655, 35.7152497], [9.269559, 35.7012063], [9.2767163, 35.6874504], [9.3025942, 35.6641281], [9.3062206, 35.6541731], [9.3178506, 35.6515403], [9.3565956, 35.6214877], [9.3694702, 35.5974831], [9.3893186, 35.5960349], [9.3923441, 35.5820054], [9.3959061, 35.5827732], [9.4101998, 35.5706498], [9.42257, 35.5763939], [9.4199201, 35.5631792], [9.413354, 35.5594786], [9.3983083, 35.5593565], [9.3958836, 35.5477298], [9.4100857, 35.5457447], [9.4334531, 35.5342558], [9.442358, 35.5023122], [9.4640651, 35.4930947], [9.4454039, 35.484477], [9.4129411, 35.4888122], [9.4070724, 35.4954948], [9.3952707, 35.4952502], [9.3637318, 35.4792989], [9.3331292, 35.4776373], [9.3229986, 35.4884939], [9.3301881, 35.4925122], [9.3225937, 35.501082], [9.3223132, 35.5108586], [9.3103815, 35.5135166], [9.3082101, 35.5209363], [9.3016079, 35.5230461], [9.2934821, 35.534767], [9.2814253, 35.5307456], [9.2702514, 35.532331], [9.2691357, 35.5408782], [9.2740774, 35.5456712], [9.2679851, 35.5535009], [9.2253601, 35.5421311], [9.2143006, 35.5427726], [9.2051274, 35.5558008], [9.1810841, 35.5626568], [9.1814489, 35.574194], [9.1859336, 35.5784], [9.1838093, 35.5849616], [9.1924352, 35.594332], [9.1782946, 35.6049051], [9.1706126, 35.6054919], [9.1744857, 35.6169771], [9.1668414, 35.6120252], [9.1506981, 35.6194104], [9.1319888, 35.6101934], [9.1147161, 35.6275393], [9.1052831, 35.6266624], [9.1014101, 35.6241394], [9.1015948, 35.6175478], [9.0913674, 35.6117577], [9.0869205, 35.6005128], [9.0799699, 35.6126285], [9.0555282, 35.621749], [9.0484501, 35.6344398], [9.0237065, 35.6283594], [8.9941911, 35.6330185], [8.9972707, 35.6365214], [8.9888807, 35.6473156], [8.9860161, 35.6632601], [9.0001106, 35.666172], [8.9818426, 35.676674], [8.9640059, 35.6768702], [8.9676498, 35.681755], [8.9765762, 35.6816852], [8.9799665, 35.686757], [9.01244, 35.7011058]]]}}, {"id": "20", "type": "Feature", "properties": {"shapeID": "13205935B3129194497982", "shapeName": "Zaghouan"}, "geometry": {"type": "Polygon", "coordinates": [[[10.0369252, 36.6295406], [10.0528722, 36.6131512], [10.0902155, 36.5962166], [10.0880818, 36.594975], [10.1075262, 36.5809499], [10.1435177, 36.6027453], [10.1476606, 36.5926451], [10.1432374, 36.5789606], [10.1452623, 36.5665875], [10.1510816, 36.5695657], [10.155589, 36.552114], [10.1524175, 36.547206], [10.1641946, 36.5474753], [10.1651172, 36.5325972], [10.1914029, 36.5201132], [10.1988058, 36.5123701], [10.249285, 36.5052557], [10.2560227, 36.5079808], [10.270819, 36.50341], [10.252289, 36.4704765], [10.2499716, 36.4607438], [10.2532546, 36.4510962], [10.2692191, 36.4551004], [10.279669, 36.4467121], [10.2801531, 36.4554281], [10.2901511, 36.4648338], [10.3476694, 36.4878535], [10.3528193, 36.477916], [10.3455451, 36.4668727], [10.3515533, 36.4532736], [10.3449091, 36.4447126], [10.3474626, 36.4366512], [10.3440937, 36.43401], [10.3444156, 36.4234785], [10.3546319, 36.4124285], [10.3553035, 36.4027652], [10.3672895, 36.3828708], [10.3669033, 36.3659098], [10.3753361, 36.3591363], [10.3667102, 36.3508759], [10.3705184, 36.3442707], [10.3675937, 36.3393111], [10.3745002, 36.3322903], [10.3815089, 36.307363], [10.3908859, 36.3033859], [10.3729299, 36.2800616], [10.3627334, 36.2838601], [10.3569827, 36.2816633], [10.3619609, 36.2721492], [10.3892319, 36.2640488], [10.3807432, 36.2562129], [10.3778817, 36.2357834], [10.3682215, 36.2364495], [10.3668003, 36.2309811], [10.3627864, 36.23016], [10.3547203, 36.2360932], [10.3446568, 36.2360622], [10.3378197, 36.2258067], [10.3217834, 36.2220884], [10.3158874, 36.2129467], [10.3142742, 36.2160612], [10.3010227, 36.212079], [10.2947042, 36.2199038], [10.2792852, 36.2177819], [10.2793252, 36.2342904], [10.2566061, 36.226392], [10.2537093, 36.2228261], [10.2659187, 36.2137723], [10.2550604, 36.1977928], [10.2662186, 36.1768054], [10.264191, 36.1659896], [10.2551787, 36.158523], [10.2442459, 36.1562736], [10.2395697, 36.1563416], [10.2336782, 36.165799], [10.199765, 36.1566403], [10.1841116, 36.1579224], [10.1818456, 36.1379144], [10.1498398, 36.1303585], [10.143023, 36.1225805], [10.1391844, 36.1232042], [10.1372847, 36.1167606], [10.1259574, 36.1065957], [10.1292902, 36.0985145], [10.1349019, 36.0971062], [10.1374814, 36.0816603], [10.1275196, 36.084268], [10.0778013, 36.075372], [10.0650777, 36.0868202], [10.0641121, 36.0979781], [10.0583054, 36.1061069], [10.05258, 36.0746164], [10.0607383, 36.0463522], [10.0429108, 36.0084451], [10.044334, 36.00057], [10.0248516, 36.009417], [10.0203388, 36.0159543], [10.0111655, 36.0122729], [10.0049469, 36.0266214], [9.9962878, 36.0342672], [9.9753306, 36.0387664], [9.9736768, 36.0499039], [9.9543496, 36.0385944], [9.953188, 36.0430713], [9.9360872, 36.0471789], [9.9217882, 36.0417338], [9.900916, 36.0426065], [9.8943253, 36.0473888], [9.8927076, 36.0569887], [9.8962073, 36.0631381], [9.8913642, 36.0679992], [9.8824635, 36.0682258], [9.8778835, 36.0753838], [9.8431641, 36.0738188], [9.8425848, 36.0638458], [9.8287016, 36.0550164], [9.8253972, 36.089461], [9.8078448, 36.1068163], [9.7980815, 36.1027596], [9.779349, 36.1022221], [9.7595865, 36.1087753], [9.7555954, 36.1136291], [9.7696936, 36.143924], [9.7439653, 36.1597775], [9.7247178, 36.1635022], [9.7223574, 36.1811702], [9.7174651, 36.1884961], [9.7199542, 36.1984879], [9.673106, 36.2293963], [9.6697157, 36.2276307], [9.6713894, 36.2172444], [9.6550815, 36.2156863], [9.6504896, 36.2243765], [9.644181, 36.2248092], [9.6370356, 36.2348138], [9.6151273, 36.2394348], [9.6142476, 36.2444709], [9.5976608, 36.250147], [9.594528, 36.2569819], [9.5962875, 36.2612556], [9.6181958, 36.267536], [9.6366984, 36.2886197], [9.6714305, 36.2894723], [9.6863006, 36.299434], [9.7039174, 36.3019415], [9.7239803, 36.3146854], [9.7166418, 36.333754], [9.7343873, 36.3497936], [9.7546218, 36.3564125], [9.757862, 36.3863716], [9.751017, 36.407426], [9.7610162, 36.4101891], [9.7500084, 36.4288718], [9.7539352, 36.4330325], [9.7494505, 36.436934], [9.7538708, 36.4374346], [9.754021, 36.4429412], [9.745159, 36.4468768], [9.7477878, 36.4498228], [9.7391734, 36.4507439], [9.7355386, 36.4616121], [9.7396514, 36.4657373], [9.732933, 36.46962], [9.7516651, 36.4779505], [9.759369, 36.48885], [9.7682423, 36.4855085], [9.7756452, 36.4873372], [9.7841424, 36.5004992], [9.7839707, 36.511003], [9.7971028, 36.5236264], [9.8240382, 36.5302198], [9.8386605, 36.566591], [9.8640238, 36.5750126], [9.8888214, 36.5726389], [9.9024684, 36.5529739], [9.921716, 36.576206], [9.9356206, 36.5847353], [9.9379401, 36.5945429], [9.9497847, 36.6069804], [9.9627647, 36.6146143], [9.9808321, 36.6174733], [9.9929128, 36.6309403], [9.9985589, 36.6440557], [10.0174631, 36.662768], [10.0289215, 36.6543678], [10.0237931, 36.6489279], [10.0352515, 36.6398547], [10.0369252, 36.6295406]]]}}, {"id": "21", "type": "Feature", "properties": {"shapeID": "13205935B54080015312342", "shapeName": "Gafsa"}, "geometry": {"type": "Polygon", "coordinates": [[[8.3242071, 34.73281], [8.353166, 34.71971], [8.362789, 34.71157], [8.416982, 34.69113], [8.442679, 34.68534], [8.46967, 34.66826], [8.482667, 34.66421], [8.50845, 34.64061], [8.523173, 34.63966], [8.539898, 34.6302], [8.585568, 34.62741], [8.650887, 34.67698], [8.722404, 34.71553], [8.730334, 34.72487], [8.750597, 34.72505], [8.789022, 34.75331], [8.839189, 34.77056], [8.893539, 34.8004], [8.9208807, 34.8102274], [8.952127, 34.75398], [8.977506, 34.73064], [9.00331, 34.7096], [9.026121, 34.70619], [9.04101, 34.6937], [9.063411, 34.6881], [9.067757, 34.67982], [9.07286, 34.68804], [9.078658, 34.68904], [9.080952, 34.69948], [9.101497, 34.70915], [9.118088, 34.7037], [9.124766, 34.71001], [9.142458, 34.71083], [9.156189, 34.71706], [9.152609, 34.70629], [9.19055, 34.69297], [9.19618, 34.70611], [9.227797, 34.70833], [9.263205, 34.68384], [9.269374, 34.6756], [9.26828, 34.67066], [9.281907, 34.66024], [9.271737, 34.64546], [9.272007, 34.63421], [9.277591, 34.62472], [9.254797, 34.57867], [9.270292, 34.5684], [9.293061, 34.58039], [9.296494, 34.56627], [9.31286, 34.56529], [9.306079, 34.55768], [9.314235, 34.55227], [9.347819, 34.56748], [9.35023, 34.56295], [9.343664, 34.55913], [9.334686, 34.54315], [9.333636, 34.53544], [9.338073, 34.52941], [9.31256, 34.50791], [9.310155, 34.50158], [9.335118, 34.49406], [9.342429, 34.50393], [9.35781, 34.50673], [9.404726, 34.49957], [9.403545, 34.4934], [9.417483, 34.48261], [9.453095, 34.48144], [9.459443, 34.46396], [9.488651, 34.44604], [9.507318, 34.38175], [9.56073, 34.36954], [9.555047, 34.36119], [9.538481, 34.3517], [9.550347, 34.3151], [9.544888, 34.29346], [9.55191, 34.2778], [9.5488372, 34.2605149], [9.5391532, 34.2516049], [9.5444262, 34.2394849], [9.5392992, 34.2352149], [9.5274282, 34.2342749], [9.5222602, 34.2279249], [9.5040022, 34.2279649], [9.5009672, 34.2247849], [9.4920092, 34.2281549], [9.4773892, 34.2272049], [9.4702552, 34.2163449], [9.4549982, 34.2175649], [9.4511502, 34.2122849], [9.4380502, 34.2103549], [9.3813782, 34.2223049], [9.3779702, 34.2291949], [9.3663052, 34.2219449], [9.3559322, 34.2246249], [9.3406182, 34.2202349], [9.3183862, 34.2205649], [9.2785892, 34.2035249], [9.2686742, 34.1958549], [9.2589102, 34.1956349], [9.2235406, 34.1718304], [9.1566555, 34.1640826], [9.1479866, 34.1679175], [9.1281624, 34.1652488], [9.0881653, 34.1509286], [9.0768785, 34.1425111], [9.0440839, 34.1287761], [9.01684, 34.1221387], [8.9570589, 34.115788], [8.9123599, 34.1220678], [8.8554478, 34.1205967], [8.8544192, 34.0998376], [8.8443804, 34.0949787], [8.8004351, 34.0917802], [8.7611246, 34.0967556], [8.7383214, 34.0928558], [8.7253332, 34.0949787], [8.6958074, 34.0862358], [8.6796713, 34.0888658], [8.6536646, 34.0787182], [8.6476564, 34.0607659], [8.640393, 34.06099], [8.632178, 34.06742], [8.558341, 34.06044], [8.471588, 34.0677], [8.411836, 34.06316], [8.387087, 34.05286], [8.372049, 34.0558], [8.3488723, 34.0530738], [8.339156, 34.06697], [8.33375, 34.08336], [8.343696, 34.10758], [8.340774, 34.11448], [8.327731, 34.12228], [8.328388, 34.15706], [8.290261, 34.15028], [8.154127, 34.20264], [8.151621, 34.2201], [8.121988, 34.26163], [8.062182, 34.30405], [8.046442, 34.31759], [8.041679, 34.32855], [8.059109, 34.35758], [8.095191, 34.39885], [8.077923, 34.41665], [8.101174, 34.44771], [8.134764, 34.5286], [8.137652, 34.5323541], [8.1491148, 34.5336432], [8.1511962, 34.5463517], [8.1564104, 34.5472001], [8.1583819, 34.5519474], [8.1666653, 34.5526662], [8.1607119, 34.5621493], [8.1632868, 34.5631918], [8.1615273, 34.5691819], [8.1715051, 34.5644641], [8.1700245, 34.5742881], [8.1883065, 34.5718852], [8.2058676, 34.5745415], [8.205889, 34.5777393], [8.2222398, 34.578022], [8.2043441, 34.5890456], [8.2090648, 34.591554], [8.2110174, 34.6035296], [8.2286985, 34.6092872], [8.2271321, 34.6136669], [8.2317884, 34.6154328], [8.2501347, 34.6145499], [8.2438691, 34.6206422], [8.2413371, 34.6314836], [8.2651455, 34.6443014], [8.2738194, 34.6440175], [8.2738409, 34.6490662], [8.2808361, 34.6548029], [8.2769093, 34.660504], [8.2562241, 34.6617924], [8.241389, 34.669722], [8.2371268, 34.6766872], [8.2406244, 34.6879095], [8.264657, 34.6923468], [8.2884657, 34.7172674], [8.2954877, 34.7314436], [8.3147679, 34.7283043], [8.3242071, 34.73281]]]}}, {"id": "22", "type": "Feature", "properties": {"shapeID": "13205935B11392830158982", "shapeName": "M\u00e9denine"}, "geometry": {"type": "MultiPolygon", "coordinates": [[[[9.9067995, 33.0664823], [9.9153735, 33.0724923], [9.9100485, 33.0887123], [9.9188725, 33.1470022], [9.9135455, 33.1704621], [9.9166045, 33.1984421], [9.9100765, 33.206132], [9.8993405, 33.211892], [9.8575355, 33.2035721], [9.7902135, 33.220092], [9.7096404, 33.284033], [9.7273415, 33.2864119], [9.7916315, 33.2698819], [9.8285515, 33.2848419], [9.8937645, 33.2875119], [9.9290755, 33.2995919], [10.0006735, 33.2932319], [10.0247785, 33.3128318], [10.0364435, 33.3095519], [10.0748235, 33.3265318], [10.1065545, 33.3460718], [10.0932475, 33.3612618], [10.0992525, 33.3724517], [10.1203855, 33.3724117], [10.1259645, 33.3789317], [10.1450395, 33.3875317], [10.1336595, 33.3945517], [10.1468165, 33.3993417], [10.1574965, 33.4087417], [10.2164255, 33.4235416], [10.2272735, 33.4229116], [10.2355055, 33.4174517], [10.2638285, 33.4226716], [10.2775165, 33.4292916], [10.2882895, 33.4453816], [10.2863665, 33.4525016], [10.2971525, 33.4697016], [10.3085465, 33.4796415], [10.3185415, 33.4796815], [10.3327355, 33.4898215], [10.3390255, 33.5000615], [10.3400785, 33.5124815], [10.3498525, 33.5243515], [10.3548665, 33.5248315], [10.3599605, 33.5342714], [10.3601825, 33.5546514], [10.3668085, 33.5591514], [10.3717065, 33.5751214], [10.3824945, 33.5812613], [10.3921495, 33.5933313], [10.4063625, 33.5915313], [10.4126855, 33.6055613], [10.4182545, 33.6060413], [10.4162775, 33.6094013], [10.4203305, 33.6196413], [10.4155195, 33.6301813], [10.4248369, 33.6355857], [10.4282421, 33.6315746], [10.4367871, 33.6341075], [10.4432431, 33.622217], [10.4496326, 33.6220543], [10.4481548, 33.6248367], [10.4554262, 33.6292521], [10.4606168, 33.6272701], [10.4697352, 33.6333829], [10.481545, 33.6312349], [10.4929029, 33.6205113], [10.4870281, 33.6297305], [10.4940921, 33.6377876], [10.5097285, 33.6397949], [10.5204529, 33.6474779], [10.5542799, 33.6495637], [10.5680954, 33.6558319], [10.5589685, 33.6331867], [10.5628193, 33.6342936], [10.5551395, 33.6305914], [10.5543979, 33.6293162], [10.5721576, 33.6344698], [10.5871194, 33.6300836], [10.5944642, 33.6347718], [10.5944954, 33.6406414], [10.5800778, 33.6341663], [10.5692088, 33.638662], [10.5659145, 33.6441263], [10.5718925, 33.6545784], [10.5997898, 33.6606493], [10.609716, 33.6691861], [10.643323, 33.6745897], [10.6975823, 33.705491], [10.7235862, 33.7070425], [10.735908808115479, 33.69795366604335], [10.7451389, 33.677403], [10.7391543, 33.6614978], [10.742724, 33.6602101], [10.7393518, 33.660482], [10.7309223, 33.645936], [10.7352372, 33.6028266], [10.7260765, 33.5949693], [10.7206491, 33.5755048], [10.7130828, 33.5751081], [10.6877845, 33.5579208], [10.6815959, 33.5431991], [10.6893095, 33.5398604], [10.6816227, 33.5408378], [10.6806511, 33.5342642], [10.6933268, 33.528988], [10.7025378, 33.5194331], [10.6962595, 33.4988732], [10.6995376, 33.4912481], [10.7276543, 33.4897561], [10.741781, 33.479631], [10.7410725, 33.4749649], [10.7485235, 33.4724682], [10.7655142, 33.4751378], [10.7800718, 33.4726982], [10.7821383, 33.4770643], [10.7829742, 33.4719058], [10.7863175, 33.4818252], [10.7998669, 33.483538], [10.8064115, 33.4948807], [10.8274619, 33.496398], [10.8433424, 33.5015671], [10.8510693, 33.5094768], [10.9248955, 33.5287605], [10.9396498, 33.5471559], [10.9479119, 33.5694219], [10.9412733, 33.5786124], [10.9376323, 33.5766405], [10.9403809, 33.5801283], [10.9269688, 33.5994513], [10.9126715, 33.6036037], [10.9109373, 33.611509], [10.9215416, 33.6197941], [10.9456503, 33.6263078], [10.9458458, 33.6278633], [10.9405347, 33.6326199], [10.935208, 33.6401198], [10.9271054, 33.6548562], [10.9457836, 33.6281977], [10.9472729, 33.6314748], [10.9728356, 33.6222295], [10.9951306, 33.6272969], [10.995283, 33.6360574], [10.9896336, 33.6339474], [10.9885574, 33.6388375], [11.0049335, 33.638534], [11.0021928, 33.6448783], [10.9909029, 33.6496981], [10.99720377335252, 33.650046621216866], [11.0212247, 33.6291551], [11.0346373, 33.6235253], [11.0477134, 33.6248022], [11.059823, 33.6111992], [11.0672388, 33.6080681], [11.0649794, 33.604461], [11.1049179, 33.562104], [11.1151096, 33.5378042], [11.1178513, 33.5022955], [11.1313879, 33.4796779], [11.1199539, 33.4954283], [11.1158061, 33.4916031], [11.1208165, 33.4910286], [11.1120112, 33.490693], [11.1205427, 33.4817698], [11.1114847, 33.4755451], [11.1121151, 33.4702209], [11.110862, 33.4764041], [11.1061153, 33.4757198], [11.1040276, 33.4654757], [11.1003497, 33.465538], [11.0942913, 33.4558748], [11.0925417, 33.4352981], [11.1064682, 33.4125618], [11.10517, 33.4076578], [11.1101709, 33.3975797], [11.1120577, 33.3958204], [11.109054487671061, 33.40489092498632], [11.1145539, 33.3957176], [11.112040145351298, 33.40709621139725], [11.1381153, 33.3868933], [11.130027513380146, 33.37872384183172], [11.1243331, 33.3886814], [11.1177564, 33.3896936], [11.1231208, 33.3823029], [11.122579, 33.3742218], [11.112384010073498, 33.364057442444754], [11.0976989, 33.3662283], [11.0958287, 33.359773], [11.1069386, 33.3556817], [11.1163009, 33.3575141], [11.126953, 33.3677173], [11.1352764, 33.3701912], [11.1488401, 33.363994], [11.168148612610823, 33.346966422453605], [11.173913090192094, 33.340519893073825], [11.174916, 33.3294525], [11.2398167, 33.3067817], [11.2941546, 33.2778587], [11.1754406, 33.3158235], [11.1469522, 33.3195084], [11.139101, 33.3137628], [11.1291469, 33.3153886], [11.1233134, 33.2957957], [11.1141205, 33.2931041], [11.1165241, 33.2859511], [11.1224279, 33.281334], [11.1244774, 33.283822], [11.1360007, 33.2677749], [11.159454, 33.2524586], [11.1594003, 33.2463809], [11.1680183, 33.2360717], [11.1668174, 33.2221396], [11.1752281, 33.2077592], [11.1920214, 33.2017626], [11.1983517, 33.2050477], [11.1916227, 33.2049095], [11.212808914828798, 33.208580118133895], [11.238445, 33.2043929], [11.2631872, 33.206069], [11.3704008, 33.1801726], [11.3873154, 33.1840898], [11.3911205, 33.1891563], [11.4173825, 33.1772129], [11.4385954, 33.1818105], [11.4403639, 33.1794629], [11.4452437, 33.17911], [11.4387761, 33.1828349], [11.4447652, 33.1893986], [11.4423405, 33.1956137], [11.389057, 33.2256876], [11.3515955, 33.254027], [11.3229943, 33.265487], [11.3268541, 33.2668278], [11.3649325, 33.2495341], [11.4084392, 33.2188891], [11.4828891, 33.1824079], [11.5242354, 33.1690834], [11.5449643, 33.1652877], [11.5615288, 33.166774], [11.5605019, 33.1400617], [11.5359323, 33.0895437], [11.5269931, 33.0783251], [11.519662, 33.0123589], [11.5277301, 32.9861926], [11.5186749, 32.9778048], [11.5153919, 32.9556795], [11.4998565, 32.9315316], [11.4955006, 32.917861], [11.5002428, 32.8900091], [11.4962731, 32.8740614], [11.50138, 32.8302943], [11.4875398, 32.7624378], [11.4939128, 32.7296996], [11.4942561, 32.6957214], [11.4886771, 32.6893468], [11.4888917, 32.6723697], [11.4778624, 32.6559133], [11.4903079, 32.6464102], [11.5048347, 32.6065801], [11.5516768, 32.5807643], [11.5999351, 32.5191775], [11.5949999, 32.4544524], [11.5725337, 32.4377749], [11.5489302, 32.4086497], [11.5188466, 32.4001712], [11.462091, 32.3690223], [11.372778, 32.341389], [11.1552927, 32.2499202], [11.1812126, 32.3062598], [11.2009075, 32.3095837], [11.2236035, 32.3214637], [11.2566585, 32.3299936], [11.2878715, 32.3521536], [11.3086755, 32.3565036], [11.3159415, 32.3649436], [11.3353625, 32.3730436], [11.3359695, 32.3815636], [11.3419785, 32.3875635], [11.3255375, 32.3984935], [11.2257355, 32.3767436], [11.2216285, 32.3876935], [11.2022765, 32.4081335], [11.1444505, 32.5330133], [11.0963965, 32.6586831], [11.0848235, 32.675613], [11.1266885, 32.7176629], [11.1216815, 32.7753128], [11.1097045, 32.8149828], [11.1152505, 32.8658827], [11.0940245, 32.9011726], [11.0925735, 32.9132526], [11.0398435, 32.9963624], [11.0379405, 33.0223824], [11.0215755, 33.0345124], [11.0335485, 33.0534923], [11.0363455, 33.0950723], [11.0162955, 33.0898123], [11.0058915, 33.0790123], [10.8976225, 33.0932823], [10.8922785, 33.0893023], [10.8846375, 33.0915723], [10.8721795, 33.0825623], [10.8551665, 33.0889723], [10.8228015, 33.0887023], [10.8110805, 33.0932523], [10.7727715, 33.0970122], [10.7585195, 33.0953823], [10.7420765, 33.1022222], [10.7287725, 33.0957623], [10.7019945, 33.0961623], [10.6474105, 33.1048322], [10.5590475, 33.1121822], [10.5493775, 33.1186022], [10.5235355, 33.1488622], [10.5292715, 33.1525821], [10.5471185, 33.1511221], [10.5663655, 33.1595821], [10.5704725, 33.1719821], [10.6090525, 33.1969821], [10.6139085, 33.2037121], [10.4905695, 33.214712], [10.4908415, 33.234752], [10.4526405, 33.209742], [10.4057855, 33.1942121], [10.3939485, 33.1839121], [10.3766675, 33.1790021], [10.3662845, 33.1682321], [10.3583285, 33.1662921], [10.3535065, 33.1701121], [10.3231235, 33.1661521], [10.3095955, 33.1593821], [10.3067445, 33.1540221], [10.2898995, 33.1535321], [10.2451801, 33.1365917], [10.1866015, 33.0935823], [10.1604785, 33.0809823], [10.1443255, 33.0813423], [10.1355025, 33.0884923], [10.1148705, 33.0798723], [10.1100445, 33.0826723], [10.0999825, 33.0806223], [10.0933555, 33.0764223], [10.0831295, 33.0596223], [10.0724635, 33.0634523], [10.0654345, 33.0610823], [10.0317235, 33.0655223], [10.0128805, 33.0603623], [9.9601695, 33.0665623], [9.9495045, 33.0488323], [9.9419965, 33.0463123], [9.9260635, 33.0509623], [9.9203975, 33.0620023], [9.9067995, 33.0664823]]], [[[10.7275067, 33.763634], [10.7358806, 33.7792281], [10.7417124, 33.7797966], [10.7406003, 33.7839303], [10.7493669, 33.798161], [10.7491583, 33.8402784], [10.7429107, 33.8547224], [10.7439963, 33.8598468], [10.7477416, 33.8565749], [10.7512612, 33.8624725], [10.745165, 33.8704291], [10.7477997, 33.8805981], [10.7411436, 33.8787122], [10.7442106, 33.8881674], [10.7934103, 33.8984416], [10.7930562, 33.9029898], [10.7995552, 33.8988891], [10.8263103, 33.8968038], [10.8534962, 33.8868132], [10.8582397, 33.8902005], [10.8595727, 33.8848962], [10.8756619, 33.8776926], [10.8826817, 33.8793823], [10.9107454, 33.873419], [10.9347999, 33.8779362], [10.9360137, 33.8828552], [10.9277786, 33.8941217], [10.932403, 33.8954024], [10.8892363, 33.9129247], [10.8923061, 33.9150796], [10.9334329, 33.8957212], [11.0134179, 33.8342158], [11.0278184, 33.830195], [11.0361297, 33.8329117], [11.0563986, 33.8243829], [11.0568565, 33.8033683], [11.062530919017453, 33.78920229102418], [11.0584353, 33.7876338], [11.0602569, 33.7823574], [11.0563837, 33.7775584], [11.0476449, 33.7793568], [11.0309217, 33.7700355], [11.0213125, 33.7579402], [10.9974005, 33.7519588], [10.9884412, 33.7323905], [10.9865711, 33.6999899], [10.97386092785983, 33.68281292019523], [10.966744, 33.6806522], [10.9716555, 33.6843749], [10.9688481, 33.6889191], [10.972714, 33.6937444], [10.9683664, 33.6889275], [10.9651345, 33.6938427], [10.970227, 33.7105257], [10.9664223, 33.718737], [10.9677779, 33.7272208], [10.9554617, 33.7254291], [10.9484636, 33.7170405], [10.939687, 33.6942005], [10.9293114, 33.6910073], [10.9159382, 33.6783646], [10.9263512, 33.6561296], [10.9150044, 33.6799233], [10.9001261, 33.6758524], [10.8919277, 33.6680305], [10.886932, 33.631443], [10.8736254, 33.6385836], [10.8688953, 33.6538609], [10.8797591, 33.6786151], [10.877339, 33.690019], [10.8316809, 33.7354651], [10.8264625, 33.7381839], [10.8143446, 33.7362633], [10.7907619, 33.7220537], [10.7868512, 33.7062485], [10.789807, 33.6968229], [10.7803978, 33.7037271], [10.760997774780487, 33.69945208483944], [10.7493802, 33.7166103], [10.7438616, 33.7198215], [10.741056592696856, 33.716118771667766], [10.7438031, 33.7201094], [10.7368127, 33.729136], [10.7345155, 33.7440482], [10.7279987, 33.751071], [10.7303812, 33.7573601], [10.7275067, 33.763634]]], [[[10.8600475, 33.5991658], [10.8656818, 33.604092], [10.8733048, 33.6015358], [10.8704603, 33.5835886], [10.8600475, 33.5991658]]], [[[10.7075, 33.732164], [10.7201329, 33.7417478], [10.7218886, 33.7222842], [10.7167668, 33.723493], [10.7075, 33.732164]]]]}}, {"id": "23", "type": "Feature", "properties": {"shapeID": "13205935B95771050896452", "shapeName": "Tozeur"}, "geometry": {"type": "Polygon", "coordinates": [[[8.6476564, 34.0607659], [8.64814, 34.05061], [8.63002, 34.01513], [8.60484, 33.99366], [8.54673, 33.92374], [8.44715, 33.86057], [8.432435, 33.84155], [8.352495, 33.77988], [8.317756, 33.75676], [8.2244517, 33.7176717], [8.09253, 33.62399], [8.02858, 33.57404], [7.90887, 33.49328], [7.84735, 33.45661], [7.7365763, 33.424659], [7.6338507, 33.5721128], [7.5964976, 33.6481032], [7.5891548, 33.6882598], [7.5647997, 33.7272138], [7.5621522, 33.7774447], [7.5254139, 33.7982968], [7.5472149, 33.8368395], [7.5219807, 33.9050755], [7.5414213, 33.9379804], [7.5399407, 33.975161], [7.5603873, 34.0146165], [7.5315103, 34.0584495], [7.5320533, 34.0702705], [7.5590173, 34.0779295], [7.5639183, 34.0836705], [7.5809593, 34.0863525], [7.5908403, 34.0957065], [7.5819073, 34.0943295], [7.5796153, 34.0988195], [7.5876463, 34.1049745], [7.6140533, 34.1136615], [7.6193443, 34.1398285], [7.6552051, 34.1974262], [7.7327893, 34.1698269], [7.8160423, 34.2135425], [7.8133433, 34.2433185], [7.818589, 34.2662074], [7.8535436, 34.3558013], [7.8512905, 34.3680056], [7.8580497, 34.3804207], [7.852342, 34.3915767], [7.856513, 34.405304], [7.8755546, 34.4067079], [7.889824, 34.4160018], [7.915007, 34.4149095], [7.9326551, 34.4199492], [7.9368394, 34.4227458], [7.9323762, 34.4237547], [7.9313891, 34.4282681], [7.9414957, 34.4379312], [7.950588, 34.4394637], [7.9533403, 34.4473986], [7.9746807, 34.4478125], [8.0112311, 34.4580909], [8.0186925, 34.4723553], [8.0429768, 34.4933989], [8.0720181, 34.4969271], [8.0709584, 34.5031971], [8.0848775, 34.5113435], [8.0830585, 34.5158009], [8.1156194, 34.5123224], [8.1203401, 34.5241856], [8.1351888, 34.5320699], [8.137652, 34.5323541], [8.113414, 34.47224], [8.101174, 34.44771], [8.077923, 34.41665], [8.095191, 34.39885], [8.059109, 34.35758], [8.041679, 34.32855], [8.046442, 34.31759], [8.062182, 34.30405], [8.121988, 34.26163], [8.151621, 34.2201], [8.154127, 34.20264], [8.290261, 34.15028], [8.328388, 34.15706], [8.327731, 34.12228], [8.340774, 34.11448], [8.343696, 34.10758], [8.33375, 34.08336], [8.339156, 34.06697], [8.3488723, 34.0530738], [8.372049, 34.0558], [8.387087, 34.05286], [8.411836, 34.06316], [8.471588, 34.0677], [8.558341, 34.06044], [8.632178, 34.06742], [8.640393, 34.06099], [8.6476564, 34.0607659]]]}}]}